scientificName,vernacularName,VT_SGCN,Regional_SGCN
Anaxyrus fowleri,Fowler's Toad,High ,
Pseudacris maculata,Boreal Chorus Frog,High ,
Lithobates septentrionalis,Mink Frog,Medium ,
Plestiodon fasciatus,Common Five-lined Skink,High ,
Necturus maculosus,Mudpuppy,High ,Regional SGCN-Watchlist
Ambystoma jeffersonianum,Jefferson Salamander,Medium ,Regional SGCN
Ambystoma maculatum,Spotted Salamander,Medium ,
Hemidactylium scutatum,Four-toed Salamander,Medium ,
Coluber constrictor,North American Racer,High ,Regional SGCN-Watchlist
Crotalus horridus,Timber Rattlesnake,High ,Regional SGCN
Pantherophis alleghaniensis,Central Ratsnake,High ,
Thamnophis saurita,Eastern Ribbonsnake,High ,Regional SGCN-Watchlist
Opheodrys vernalis,Smooth Greensnake,Medium ,Regional SGCN-Watchlist
Apalone spinifera,Spiny Softshell (Turtle),High ,Regional SGCN-Watchlist
Clemmys guttata,Spotted Turtle,High ,Regional SGCN
Glyptemys insculpta,Wood Turtle,High ,Regional SGCN
Sternotherus odoratus,Eastern Musk Turtle (Stinkpot),Medium ,
Ammodramus savannarum,Grasshopper Sparrow,High ,Regional SGCN-Watchlist
Antrostomus vociferus,Eastern Whip-poor-will,High ,Regional SGCN
Canachites canadensis,Spruce Grouse,High ,
Cardellina canadensis,Canada Warbler,High ,Regional SGCN-Watchlist
Catharus bicknelli,Bicknell's Thrush,High ,Regional SGCN
Chaetura pelagica,Chimney Swift,High ,Regional SGCN-Watchlist
Chordeiles minor,Common Nighthawk,High ,Regional SGCN-Watchlist
Contopus cooperi,Olive-sided Flycatcher,High ,Regional SGCN-Watchlist
Euphagus carolinus,Rusty Blackbird,High ,Regional SGCN
Hylocichla mustelina,Wood Thrush,High ,Regional SGCN
Perisoreus canadensis,Canada Jay,High ,
Pooecetes gramineus,Vesper Sparrow,High ,Regional SGCN-Watchlist
Setophaga striata,Blackpoll Warbler,High ,Regional SGCN-Watchlist
Sturnella magna,Eastern Meadowlark,High ,Regional SGCN
Vermivora chrysoptera,Golden-winged Warbler,High ,Regional SGCN
Vermivora cyanoptera,Blue-winged Warbler,High ,Regional SGCN
Cistothorus stellaris,Sedge Wren,Medium ,
Coccyzus erythropthalmus,Black-billed Cuckoo,Medium ,Regional SGCN-Watchlist
Dolichonyx oryzivorus,Bobolink,Medium ,Regional SGCN-Watchlist
Empidonax flaviventris,Yellow-bellied Flycatcher,Medium ,
Hirundo rustica,Barn Swallow,Medium ,
Petrochelidon pyrrhonota,Cliff Swallow,Medium ,
Picoides arcticus,Black-backed Woodpecker,Medium ,
Pipilo erythrophthalmus,Eastern Towhee,Medium ,
Poecile hudsonicus,Boreal Chickadee,Medium ,
Progne subis,Purple Martin,Medium ,
Riparia riparia,Bank Swallow,Medium ,Regional SGCN-Watchlist
Setophaga cerulea,Cerulean Warbler,Medium ,Regional SGCN
Setophaga discolor,Prairie Warbler,Medium ,Regional SGCN-Watchlist
Spizella pusilla,Field Sparrow,Medium ,
Toxostoma rufum,Brown Thrasher,Medium ,
Zonotrichia albicollis,White-throated Sparrow,Medium ,
Circus hudsonius,Northern Harrier,High ,
Falco sparverius,American Kestrel,High ,Regional SGCN-Watchlist
Aegolius acadicus,Northern Saw-whet Owl,Medium ,
Astur atricapillus,American Goshawk,Medium ,Regional SGCN-Watchlist
Falco peregrinus,Peregrine Falcon,Medium ,Regional SGCN-Watchlist
Haliaeetus leucocephalus,Bald Eagle,Medium ,
Bartramia longicauda,Upland Sandpiper,High ,Regional SGCN-Watchlist
Tringa flavipes,Lesser Yellowlegs,Medium ,
Bonasa umbellus,Ruffed Grouse,Medium ,Regional SGCN
Scolopax minor,American Woodcock,Medium ,Regional SGCN
Botaurus exilis,Least Bittern,High ,Regional SGCN-Watchlist
Chlidonias niger,Black Tern,High ,Regional SGCN-Watchlist
Podilymbus podiceps,Pied-billed Grebe,High ,
Porzana carolina,Sora,High ,
Sterna hirundo,Common Tern,High ,Regional SGCN
Botaurus lentiginosus,American Bittern,Medium ,
Gavia immer,Common Loon,Medium ,
Nycticorax nycticorax,Black-crowned Night-heron,Medium ,Regional SGCN-Watchlist
Anas rubripes,American Black Duck,High ,Regional SGCN
Acipenser brevirostrum,Shortnose Sturgeon,High ,
Acipenser fulvescens,Lake Sturgeon,High ,Regional SGCN
Alosa aestivalis,Blueback Herring (CT River only),High ,Regional SGCN
Alosa sapidissima,American Shad,Medium ,Regional SGCN
Anguilla rostrata,American Eel,Medium ,Regional SGCN
Moxostoma valenciennesi,Greater Redhorse,High ,
Catostomus catostomus,Longnose Sucker,Medium ,Regional SGCN-Watchlist
Moxostoma anisurum,Silver Redhorse,Medium ,
Moxostoma macrolepidotum,Shorthead Redhorse,Medium ,
Lepomis auritus,Redbreast Sunfish,Medium ,
Cottus bairdii,Mottled Sculpin,Medium ,
Cottus cognatus,Slimy Sculpin,Medium ,Regional SGCN-Watchlist
Esox masquinongy,Muskellunge,High ,
Esox americanus,Redfin Pickerel,Medium ,Regional SGCN-Watchlist
Petromyzon marinus (CT river only),Sea Lamprey (CT river only),Medium ,Regional SGCN-Watchlist
Lota lota,Burbot,Medium ,Regional SGCN-Watchlist
Hiodon tergisus,Mooneye,High ,
Noturus flavus,Stonecat,High ,
Notropis bifrenatus,Bridle Shiner,High ,Regional SGCN
Notropis heterodon,Blackchin Shiner,High ,Regional SGCN-Watchlist
Notropis heterolepis,Blacknose Shiner,High ,Regional SGCN-Watchlist
Chrosomus neogaeus,Finescale Dace,Medium ,
Margariscus margarita,Allegheny Pearl Dace,Medium ,Regional SGCN
Margariscus nachtriebi,Northern Pearl Dace,Medium ,
Notropis rubellus,Rosyface Shiner,Medium ,
Osmerus mordax,Rainbow Smelt,Medium ,Regional SGCN
Ammocrypta pellucida,Eastern Sand Darter,High ,Regional SGCN-Watchlist
Percina copelandi,Channel Darter,High ,Regional SGCN-Watchlist
Sander canadensis,Sauger,High ,Regional SGCN-Watchlist
Percopsis omiscomaycus,Trout-perch,Medium ,Regional SGCN-Proposed Watchlist
Ichthyomyzon fossor,Northern Brook Lamprey,High ,Regional SGCN
Ichthyomyzon unicuspis,Silver Lamprey,High ,
Lethenteron appendix,American Brook Lamprey,High ,Regional SGCN
Prosopium cylindraceum,Round Whitefish,High ,Regional SGCN
Coregonus artedi,Cisco or Lake Herring,Medium ,
Coregonus clupeaformis,Lake Whitefish,Medium ,Regional SGCN-Watchlist
Salmo salar,Atlantic Salmon,Medium ,Regional SGCN
Salvelinus fontinalis,Brook Trout,Medium ,Regional SGCN-Watchlist
Salvelinus namaycush,Lake Trout,Medium ,Regional SGCN-Watchlist
Amanita ristichii,Amanita ristichii,Watchlist,
Amanita sp. 5,Amanita praecox,Watchlist,
Boletinellus merulioides,Boletinellus merulioides,Watchlist,
Caloboletus peckii,Caloboletus peckii,Watchlist,
Clavulinopsis appalachiensis,Clavulinopsis appalachiensis,Watchlist,
Cortinarius azureus,Cortinarius azureus,Watchlist,
Cortinarius ophiopus,Cortinarius ophiopus,Watchlist,
Craterellus cinereus,Craterellus cinereus,Watchlist,
Dendrocollybia racemosa,Dendrocollybia racemosa,Watchlist,
Entoloma flavoviride,Entoloma flavoviride,Watchlist,
Ganoderma tsugae,Ganoderma tsugae,Watchlist,
Helvella palustris,Helvella palustris,Watchlist,
Hodophilus peckianus,Hodophilus peckianus,Watchlist,
Hygrophorus discoxanthus,Hygrophorus discoxanthus,Watchlist,
Hypocreopsis rhododendri,Hypocreopsis rhododendri,Watchlist,
Lactarius cinereus var. fagetorum,Lactarius cinereus var. fagetorum,Watchlist,
Lactarius gerardii var. fagicola,Lactarius geradii var. fagicola,Watchlist,
Lactarius subpurpureus,Lactarius subpurpureus,Watchlist,
Lactarius trivialis,Lactarius trivialis,Watchlist,
Perenniporia fraxinophila,Perenniporia fraxinophila,Watchlist,
Psathyrella epimyces,Psathyrella epimyces,Watchlist,
Pseudofistulina radicata,Pseudofistulina radicata,Watchlist,
Rhizopogon kretzerae,Rhizopogon kretzerae,Watchlist,
Squamanita imbachii,Squamanita imbachii,Watchlist,
Squamanita sumstinei,Squamanita sumstinei,Watchlist,
Squamanita umbonata,Squamanita umbonata,Watchlist,
Stropharia aeruginosa,Stropharia aeruginosa,Watchlist,
Suillus brevipes,Suillus brevipes,Watchlist,
Suillus salmonicolor,Suillus salmonicolor,Watchlist,
Suillus tomentosus,Suillus tomentosus,Watchlist,
Tricholoma grave,Tricholoma grave,Watchlist,
Tricholoma magnivelare,Tricholoma magnivelare,Watchlist,
Underwoodia columnaris,Underwoodia columnaris,Watchlist,
Volvariella surrecta,Volvariella surrecta,Watchlist,
Acalitus ferrugineum,Acalitus ferrugineum,Watchlist,
Aceria fraxini,Ash Leaf Gall Mite,Watchlist,
Aceria fraxiniflora,Ash flower gall mite-2,Watchlist,
Diporeia hoyi,Diporeia hoyi,High ,
Stygobromus borealis,Taconic Cave Amphipod,High ,
Agapostemon splendens,Brown-winged Striped Sweat Bee,High ,
Andrena cornelli,Azalea Miner,High ,
Andrena mariae,Maria's Miner,High ,
Andrena nigrae,Orange-footed Mini-Miner,High ,
Andrena parnassiae,Parnassia Miner,High ,Regional SGCN-Proposed
Andrena persimulata,Northern Dogwood Miner,High ,
Andrena ziziaeformis,Ephemeral Miner,High ,
Bombus affinis,Rusty-patched Bumble Bee,High ,Regional SGCN
Bombus ashtoni,Ashton Cuckoo Bumble Bee,High ,Regional SGCN
Bombus insularis,Indiscriminate Cuckoo Bumble Bee,High ,
Bombus pensylvanicus,American Bumble Bee,High ,Regional SGCN-Watchlist
Bombus terricola,Yellow-banded Bumble Bee,High ,Regional SGCN
Colletes banksi,Banks' Cellophane Bee,High ,
Colletes impunctatus,Impunctate Cellophane Bee,High ,
Colletes solidaginis,Goldenrod Cellophane Bee,High ,
Colletes willistoni,Williston's Cellophane Bee,High ,
Dianthidium simile,Northeastern Pebble Bee,High ,
Epeolus canadensis,Canada Cellophane-Cuckoo,High ,Regional SGCN-Proposed Watchlist
Epeolus minimus,Least Cellophane-Cuckoo,High ,
Hylaeus basalis,Cinquefoil Masked Bee,High ,
Hylaeus nelumbonis,Nelumbo Masked Bee,High ,
Hylaeus saniculae,Sanicle Masked Bee,High ,
Lasioglossum athabascense,Athabascan Sweat Bee,High ,
Lasioglossum nelumbonis,Lotus Sweat Bee,High ,
Lasioglossum tenax,Tenacious Metallic-Sweat bee,High ,
Macropis patellata,Patellate Yellow Loosestrife Bee,High ,Regional SGCN
Megachile rugifrons,Rugose-fronted Resin Bee,High ,
Melissodes apicatus,Pickerelweed Longhorn,High ,
Nomada electa,Elect Nomad,High ,Regional SGCN-Proposed Watchlist
Osmia lignaria,Blue Orchard Bee,High ,
Osmia proxima,Proximal Mason,High ,
Osmia texana,Texas Mason,High ,
Perdita maculigera,Sandbar Willow Fairy Bee,High ,
Stelis permaculata,Sixteen-spotted Dark Bee,High ,
Temnothorax pilagens,Pillage Ant,High ,
Triepeolus simplex,Simple Longhorn-Cuckoo,High ,
Andrena braccata,Beach Miner,Medium ,
Andrena canadensis,Canada Miner,Medium ,
Bombus citrinus,Lemon Cuckoo Bumble Bee,Medium ,Regional SGCN-Watchlist
Bombus fervidus,Yellow Bumble Bee,Medium ,Regional SGCN-Watchlist
Bombus rufocinctus,Red-belted Bumble Bee,Medium ,
Coelioxys hunteri,Hunter's Sharptail,Medium ,
Macropis nuda,Dark-legged Yellow Loosestrife Bee,Medium ,Regional SGCN-Watchlist
Melitta melittoides,Lyonia Blunt-horn,Medium ,
Myrmica lobifrons,Myrmica lobifrons,Medium ,
Andrena algida,Wintry Miner,Watchlist,
Andrena personata,Echo Mini-Miner,Watchlist,
Andrena rehni,Rehn's Miner,Watchlist,
Andrena vernalis,Vernal Miner,Watchlist,
Colletes consors,Kindred Cellophane Bee,Watchlist,Regional SGCN-Proposed Watchlist
Colletes kincaidii,Kincaid's Cellophane Bee,Watchlist,
Epeoloides pilosula,Pilose Yellow Loosestrife-Cuckoo,Watchlist,
Hoplitis simplex,Robertson's Small-Mason,Watchlist,
Lasioglossum heterognathus,Angle-jawed Metallic-Sweat Bee,Watchlist,
Lasioglossum izawsum,Izawsum Metallic-Sweat Bee,Watchlist,
Lasioglossum novascotiae,Nova Scotia Metallic-Sweat bee,Watchlist,
Megachile addenda,Cranberry Leafcutter,Watchlist,
Nomada sp. 1,Nomada mr-1,Watchlist,
Sphecodes fattigi,Fattig's Blood Bee,Watchlist,
Stelis foederalis,Federal Dark Bee,Watchlist,
Stelis labiata,Labiate Dark Bee,Watchlist,
Svastra obliqua,Oblique Longhorn,Watchlist,
Tethida barda,Black-headed Ash Sawfly,Watchlist,
Agonum crenistriatum,Agonum crenistriatum,High ,
Agonum darlingtoni,Agonum darlingtoni,High ,
Agonum picicornoides,Agonum picicornoides,High ,
Amara erratica,Amara erratica,High ,
Apristus latens,Apristus latens,High ,
Bembidion grapii,Bembidion grapii,High ,
Bembidion mutatum,Bembidion mutatum,High ,
Bembidion quadratulum,Bembidion quadratulum,High ,
Bembidion rufotinctum,Bembidion rufotinctum,High ,
Blethisa julii,Blethisa julii,High ,
Blethisa quadricollis,Blethisa quadricollis,High ,
Cicindela ancocisconensis,Boulder-beach Tiger Beetle,High ,Regional SGCN
Cicindela hirticollis,Hairy-necked Tiger Beetle,High ,Regional SGCN-Watchlist
Cicindela longilabris,Boreal Long-lipped Tiger Beetle,High ,
Cicindela marginipennis,Cobblestone Tiger Beetle,High ,Regional SGCN
Cicindela patruela,Northern Barrens Tiger Beetle,High ,Regional SGCN
Cicindela rufiventris,Red-bellied Tiger Beetle,High ,
Dicaelus dilatatus,Dicaelus dilatatus,High ,
Dicaelus teter,Dicaelus teter,High ,
Dicheirotrichus cognatus,Dicheirotrichus cognatus,High ,
Diplocheila striatopunctata,Diplocheila striatopunctata,High ,
Dyschirius politus,Dyschirius politus,High ,
Elaphrus fuliginosus,Elaphrus fuliginosus,High ,
Ellipsoptera puritana,Puritan Tiger Beetle,High ,Regional SGCN
Geopinus incrassatus,Geopinus incrassatus,High ,
Harpalus fulvilabris,Harpalus fulvilabris,High ,
Lophoglossus scrutator,Lophoglossus scrutator,High ,
Nebria suturalis,Nebria suturalis,High ,
Notiophilus borealis,Notiophilus borealis,High ,
Notiophilus nemoralis,Notiophilus nemoralis,High ,
Olisthopus micans,Olisthopus micans,High ,
Patrobus foveocollis,Patrobus foveocollis,High ,
Philodes alternans,Philodes alternans,High ,
Pterostichus brevicornis,Pterostichus brevicornis,High ,
Pterostichus pinguedineus,Pterostichus pinguedineus,High ,
Pterostichus punctatissimus,Pterostichus punctatissimus,High ,
Sphaeroderus nitidicollis brevoorti,Sphaeroderus nitidicollis brevoorti,High ,
Tachys rhodeanus,Tachys rhodeanus,High ,
Adalia bipunctata,Two-spotted Lady Beetle,Medium ,
Agonum moerens,Agonum moerens,Medium ,
Agonum punctiforme,Agonum punctiforme,Medium ,
Agonum superioris,Agonum superioris,Medium ,
Amara laevipennis,Amara laevipennis,Medium ,
Anatis labiculata,Fifteen-spotted Lady Beetle,Medium ,
Atranus pubescens,Atranus pubescens,Medium ,
Bembidion affine,Bembidion affine,Medium ,
Bembidion cordatum,Bembidion cordatum,Medium ,
Bembidion robusticolle,Bembidion robusticolle,Medium ,
Bembidion rolandi,Bembidion rolandi,Medium ,
Blethisa hudsonica,Blethisa hudsonica,Medium ,
Carabus goryi,Carabus goryi,Medium ,
Carabus maeander,Carabus maeander,Medium ,
Coccinella hieroglyphica,Hieroglyphic Lady Beetle,Medium ,
Coccinella monticola,Mountain Lady Beetle,Medium ,
Coccinella novemnotata,Nine-spotted Lady Beetle,Medium ,
Coccinella transversoguttata,Transverse Lady Beetle,Medium ,
Diplocheila impressicollis,Diplocheila impressicollis,Medium ,
Dyschirius brevispinus,Dyschirius brevispinus,Medium ,
Dyschirius erythrocerus,Dyschirius erythrocerus,Medium ,
Elaphropus dolosus,Elaphropus dolosus,Medium ,
Elaphropus levipes,Elaphropus levipes,Medium ,
Harpalus indigens,Harpalus indigens,Medium ,
Harpalus providens,Harpalus providens,Medium ,
Hippodamia glacialis,Glacial Lady Beetle,Medium ,
Hippodamia tredecimpunctata,Thirteen-spotted Lady Beetle,Medium ,
Notiobia sayi,Notiobia sayi,Medium ,
Notiophilus aquaticus,Notiophilus aquaticus,Medium ,
Notiophilus novemstriatus,Notiophilus novemstriatus,Medium ,
Pentagonica picticornis,Pentagonica picticornis,Medium ,
Pericompsus ephippiatus,Pericompsus ephippiatus,Medium ,
Philodes rectangulus,Philodes rectangulus,Medium ,
Platynus cincticollis,Platynus cincticollis,Medium ,
Platypatrobus lacustris,Platypatrobus lacustris,Medium ,
Pseudamara arenaria,Pseudamara arenaria,Medium ,
Pterostichus castor,Pterostichus castor,Medium ,
Scaphinotus bilobus,Scaphinotus bilobus,Medium ,
Schizogenius ferrugineus,Schizogenius ferrugineus,Medium ,
Sericoda obsoleta,Sericoda obsoleta,Medium ,
Sericoda quadripunctata,Sericoda quadripunctata,Medium ,
Tachys oblitus,Tachys oblitus,Medium ,
Tetragonoderus fasciatus,Tetragonoderus fasciatus,Medium ,
Tetraleucus picticornis,Tetraleucus picticornis,Medium ,
Agrilus subcinctus,Agrilus subcinctus,Watchlist,
Capraita sexmaculata,Charlie Brown Flea Beetle,Watchlist,
Hylesinus aculeatus,Eastern Ash Bark Beetle,Watchlist,
Hylesinus criddlei,Hylesinus criddlei,Watchlist,
Hylesinus pruinosus,Hylesinus pruinosus,Watchlist,
Mulsantina hudsonica,Hudsonian Ladybird,Watchlist,
Neoclytus caprea,Banded ash borer,Watchlist,
Xyloryctes jamaicensis,Rhinoceros beetle,Watchlist,
Ceraclea submacula,Ceraclea submacula,High ,
Holocentropus glacialis,Polycentropus glacialis,High ,
Plectrocnemia icula,Polycentropus iculus,High ,
Rhyacophila amicis,Rhyacophila amicis,High ,
Rhyacophila brunnea,A Caddisfly,High ,
Cambarus bartonii,Appalachian Brook Crayfish,High ,
Dasineura pellex,Ash bullet gall midge,Watchlist,
Dasineura tumidosae,Ash Petiole Gall Midge,Watchlist,
Lejota cyanea,Cobalt Trunksitter,Assessment Needed,
Xylota naknek,Naknek Leafwalker,Assessment Needed,
Alasmidonta heterodon,Dwarf Wedgemussel,High ,Regional SGCN
Alasmidonta marginata,Elktoe,High ,
Alasmidonta varicosa,Brook Floater,High ,Regional SGCN
Lampsilis ovata,Pocketbook,High ,
Lasmigona compressa,Creek Heelsplitter,High ,
Lasmigona costata,Flutedshell,High ,
Leptodea fragilis,Fragile Papershell,High ,
Ligumia recta,Black Sandshell,High ,
Potamilus alatus,Pink Heelsplitter,High ,
Anodontoides ferussacianus,Cylindrical Papershell,Medium ,
Margaritifera margaritifera,Eastern Pearlshell,Medium ,Regional SGCN
Pyganodon grandis,Giant Floater,Medium ,
Utterbackiana implicata,Alewife Floater,Medium ,
Acella haldemani,Spindle Lymnaea,High ,
Bulimnaea megasoma,Mammoth Lymnaea,High ,
Elimia livescens,Liver Elimia,High ,
Fossaria rustica,Country Fossaria,High ,
Gillia altilis,Buffalo Pebblesnail,High ,
Lyogyrus granum,Squat Duskysnail,High ,
Lyogyrus pupoideus,Pupa Duskysnail,High ,
Lyogyrus walkeri,Canadian Duskysnail,High ,
Marstonia lustrica,Boreal Marstonia,High ,
Valvata lewisi,Fringed Valvata,High ,
Valvata sincera,Mossy Valvata,High ,
Gyraulus crista,Star Gyro,Medium ,
Laevapex fuscus,Dusky Ancylid,Medium ,
Planorbula armigera,Thicklip Rams-horn,Medium ,
Pleurocera acuta,Sharp Hornsnail,Medium ,
Melanoplus mancus,Smith's Spur-throat Grasshopper,High ,
Psinidia fenestralis,Sand Locust,Medium ,
Melanoplus dawsoni,Dawson's Spur-throat Grasshopper,Watchlist,
Acentrella naidineae,Acentrella naidineae,Medium ,
Ameletus browni,A Mayfly,Medium ,Regional SGCN
Ameletus tertius,Ameletus tertius,Medium ,Regional SGCN-Watchlist
Anafroptilum victoriae,Anafroptilum victoriae,Medium ,Regional SGCN-Proposed Watchlist
Baetisca rubescens,A Mayfly,Medium ,Regional SGCN
Dannella lita,Dannella lita,Medium ,
Dentatella coxalis,Barton's Spiny Crawler Mayfly,Medium ,Regional SGCN-Proposed
Epeorus frisoni,Roaring Brook Mayfly,Medium ,Regional SGCN
Ephemerella excrucians,Pale Morning Dun,Medium ,
Siphlonisca aerodromia,Tomah Mayfly,Medium ,Regional SGCN
Choroterpes basalis,Choroterpes basalis,Watchlist,
Litobrancha recurvata,Brown Drake Mayfly,Watchlist,
Callophrys lanoraieensis,Bog Elfin,High ,Regional SGCN
Danaus plexippus plexippus,Monarch,High ,Regional SGCN
Eacles imperialis pini,Pine Imperial Moth,High ,
Erora laeta,Early Hairstreak,High ,Regional SGCN
Hemileuca lucina,New England Buckmoth,High ,Regional SGCN-Watchlist
Lemmeria digitalis,Lemmeria digitalis,High ,
Lithophane franclemonti,Franclemont's Lithophane,High ,
Pachypolia atricornis,Pachypolia atricornis,High ,
Papaipema sp. 2 nr. pterisii,Ostrich Fern Borer,High ,Regional SGCN
Speranza ribearia,Currant Spanworm,High ,
Sphinx drupiferarum,Plum Sphinx,High ,
Sphinx luscitiosa,Clemens' Sphinx,High ,
Sthenopis thule,Sthenopis thule,High ,
Xestia fabulosa,Xestia fabulosa,High ,
Xestia homogena,Xestia homogena,High ,
Zale submediana,Zale submediana,High ,
Zanclognatha martha,Pine Barrens Zanclognatha,High ,Regional SGCN-Watchlist
Asterocampa celtis,Hackberry Emperor,Medium ,
Asterocampa clyton,Tawny Emperor,Medium ,
Atrytonopsis hianna,Dusted Skipper,Medium ,Regional SGCN-Watchlist
Callophrys gryneus,Juniper Hairstreak,Medium ,
Chlosyne nycteis,Silvery Checkerspot,Medium ,Regional SGCN-Watchlist
Eana georgiella,Eana georgiella,Medium ,
Euphyes bimacula,Two-spotted Skipper,Medium ,Regional SGCN
Euphyes conspicua,Black Dash,Medium ,
Euphyes dion,Dion Skipper,Medium ,
Hesperia colorado,Common Branded Skipper,Medium ,
Hesperia metea,Cobweb Skipper,Medium ,
Lasionycta taigata,Lasionycta taigata,Medium ,
Oeneis jutta,Jutta Arctic,Medium ,
Pieris virginiensis,West Virginia White,Medium ,Regional SGCN
Poanes massasoit,Mulberry Wing,Medium ,
Properigea costa,Barrens Moth,Medium ,
Satyrium edwardsii,Edward's Hairstreak,Medium ,Regional SGCN
Tharsalea epixanthe,Bog Copper,Medium ,Regional SGCN-Watchlist
Callophrys irus,Frosted Elfin,Watchlist,Regional SGCN
Caloptilia fraxinella,Ash Leaf Cone Roller Moth,Watchlist,
Ceratomia undulosa,Waved Sphinx,Watchlist,Regional SGCN-Watchlist
Colias interior,Pink-edged Sulphur,Watchlist,
Copivaleria grotei,Grote's Sallow,Watchlist,
Lethe appalachia,Appalachian Brown,Watchlist,
Marmara fraxinicola,Marmara fraxinicola,Watchlist,
Olceclostera angelica,Angel moth,Watchlist,
Palpita magniferalis,Splendid palpita,Watchlist,
Papaipema furcata,Ash Borer Moth,Watchlist,Regional SGCN-Watchlist
Plagodis kuetzingi,Purple plagodis,Watchlist,Regional SGCN-Watchlist
Sphinx canadensis,Canadian Sphinx,Watchlist,Regional SGCN-Watchlist
Sphinx chersis,Great Ash Sphinx,Watchlist,Regional SGCN-Watchlist
Sphinx kalmiae,Fawn Sphinx,Watchlist,
Sympistis chionanthi,Fringe-tree Sallow,Watchlist,Regional SGCN-Proposed Watchlist
Aeshna clepsydra,Mottled Darner,High ,
Aeshna sitchensis,Zigzag Darner,High ,
Aeshna subarctica,Subarctic Darner,High ,
Anax longipes,Comet Darner,High ,
Argia apicalis,Blue-fronted Dancer,High ,
Celithemis fasciata,Banded Pennant,High ,
Coenagrion interrogatum,Subarctic Bluet,High ,
Dorocordulia lepida,Petite Emerald,High ,
Enallagma anna,River Bluet,High ,
Enallagma antennatum,Rainbow Bluet,High ,
Enallagma basidens,Double-striped Bluet,High ,
Enallagma durum,Big Bluet,High ,
Enallagma laterale,New England Bluet,High ,Regional SGCN
Enallagma pictum,Scarlet Bluet,High ,Regional SGCN
Enallagma traviatum,Slender Bluet,High ,
Epiaeschna heros,Swamp Darner,High ,
Gomphurus fraternus,Midland Clubtail,High ,Regional SGCN-Watchlist
Gomphurus vastus,Cobra Clubtail,High ,
Gomphurus ventricosus,Skillet Clubtail,High ,Regional SGCN
Hetaerina americana,American Rubyspot,High ,
Hylogomphus abbreviatus,Spine-crowned Clubtail,High ,Regional SGCN-Watchlist
Ischnura kellicotti,Lilypad Forktail,High ,
Nasiaeschna pentacantha,Cyrano Darner,High ,
Neurocordulia yamaskanensis,Stygian Shadowdragon,High ,
Ophiogomphus rupinsulensis,Rusty Snaketail,High ,
Phanogomphus quadricolor,Gomphus quadricolor,High ,Regional SGCN
Rhionaeschna mutata,Spatterdock Darner,High ,Regional SGCN-Watchlist
Somatochlora albicincta,Ringed Emerald,High ,
Somatochlora cingulata,Lake Emerald,High ,
Somatochlora forcipata,Forcipate Emerald,High ,Regional SGCN
Somatochlora franklini,Delicate Emerald,High ,
Somatochlora incurvata,Incurvate Emerald,High ,Regional SGCN
Somatochlora kennedyi,Kennedy's Emerald,High ,Regional SGCN
Stylurus amnicola,Riverine Clubtail,High ,Regional SGCN-Watchlist
Sympetrum danae,Black Meadowhawk,High ,
Tramea carolina,Carolina Saddlebags,High ,
Williamsonia fletcheri,Ebony Boghaunter,High ,Regional SGCN-Watchlist
Zoraena erronea,Tiger Spiketail,High ,Regional SGCN
Zoraena obliqua,Arrowhead Spiketail,High ,Regional SGCN-Watchlist
Somatochlora williamsoni,Williamson's Emerald,Medium ,
Alloperla leonarda,Truncate Sallfly,Medium ,
Alloperla voinae,Lawrence Sallfly,Medium ,Regional SGCN
Hansonoperla appalachia,Appalachian Stonefly,Medium ,Regional SGCN
Leuctra maria,Northeastern Needlefly,Medium ,
Ostrocerca prolongata,Bent Forestfly,Medium ,
Pteronarcys comstocki,Spiny Salmonfly,Medium ,
Rasvena terna,Vermont Sallfly,Medium ,
Appalachina sayana,Spike-lip Crater,Assessment Needed,Regional SGCN-Watchlist
Oxyloma retusum,Blunt Ambersnail,Assessment Needed,Regional SGCN-Watchlist
Pseudohyalina exigua,Ribbed Striate,Assessment Needed,
Vertigo ventricosa,Five-tooth Vertigo,Assessment Needed,Regional SGCN-Watchlist
Vitrina angelicae,Eastern Glass-snail,Assessment Needed,Regional SGCN-Watchlist
Grylloprociphilus imbricator,Beech blight aphid,Watchlist,
Prociphilus americanus,Prociphilus americanus,Watchlist,
Prociphilus fraxinifolii,Leafcurl ash aphid,Watchlist,
Tropidosteptes amoenus,Ash plant bug,Watchlist,
Lasionycteris noctivagans,Silver-haired Bat,High ,Regional SGCN
Lasiurus borealis,Eastern Red Bat,High ,Regional SGCN
Lasiurus cinereus,Northern Hoary Bat,High ,Regional SGCN
Myotis leibii,Eastern Small-footed Bat,High ,Regional SGCN
Myotis lucifugus,Little Brown Bat,High ,Regional SGCN
Myotis septentrionalis,Northern Long-eared Bat,High ,Regional SGCN
Myotis sodalis,Indiana Bat,High ,Regional SGCN
Perimyotis subflavus,Tri-colored Bat,High ,Regional SGCN
Urocyon cinereoargenteus,Gray Fox,Medium ,Regional SGCN-Watchlist
Canis lupus,Wolf,Watchlist,
Lynx canadensis,Canada Lynx,High ,Regional SGCN
Puma concolor couguar,Eastern Mountain Lion,Watchlist,
Sorex albibarbis,Eastern Water Shrew,High ,Regional SGCN-Watchlist
Sorex dispar,Long-tailed or Rock Shrew,High ,Regional SGCN-Watchlist
Sorex cinereus,Cinereus or Masked Shrew,Medium ,
Sorex fumeus,Smoky Shrew,Medium ,
Condylura cristata,Star-nosed Mole,Assessment Needed,
Parascalops breweri,Hairy-tailed Mole,Assessment Needed,
Sorex hoyi,Eastern Pygmy Shrew,Assessment Needed,
Martes americana,American Marten,High ,Regional SGCN-Watchlist
Pekania pennanti,Fisher,Medium ,
Mustela richardsonii,Ermine/Short-tailed weasel,Assessment Needed,
Neogale frenata,Long-tailed Weasel,Assessment Needed,
Lepus americanus,Snowshoe Hare,High ,Regional SGCN-Watchlist
Sylvilagus transitionalis,New England Cottontail,Watchlist,Regional SGCN
Microtus chrotorrhinus,Rock Vole,High ,Regional SGCN
Microtus pinetorum,Woodland Vole,High ,
Glaucomys sabrinus,Northern Flying Squirrel,Medium ,Regional SGCN-Proposed Watchlist
Glaucomys volans,Southern Flying Squirrel,Medium ,
Ondatra zibethicus,Common Muskrat,Medium ,
Synaptomys cooperi,Southern Bog Lemming,Medium ,Regional SGCN-Watchlist
Mictomys borealis,Northern Bog Lemming,Assessment Needed,Regional SGCN
Alces alces,Moose,Medium ,Regional SGCN-Watchlist
Amanita praecox,,Watchlist,
Amanita ristichii,Ristich's Caesar,Watchlist,
Boletinellus merulioides,Ash-tree bolete,Watchlist,
Caloboletus peckii,,Watchlist,
Clavulinopsis appalachiensis,Appalachian Spindle Coral,Watchlist,
Cortinarius azureus,Variable Webcap,Watchlist,
Cortinarius ophiopus,,Watchlist,
Craterellus cinereus,Ashen chanterelle,Watchlist,
Dendrocollybia racemosa,Branched shanklet,Watchlist,
Entoloma flavoviride,Yellowish-Green Entoloma,Watchlist,
Ganoderma tsugae,Hemlock varnish shelf,Watchlist,
Helvella palustris,,Watchlist,
Hodophilus peckianus,Peck's False Waxy Cap,Watchlist,
Hygrophorus discoxanthus,Yellowing woodwax,Watchlist,
Hypocreopsis rhododendri,Hazel glove,Watchlist,
Lactarius cinereus,,Watchlist,
Lactarius subpurpureus,,Watchlist,
Lactarius trivialis,Tacked milk cap,Watchlist,
Lactifluus gerardii,,Watchlist,
Perenniporia fraxinophila,,Watchlist,
Psathyrella epimyces,Parasitic Psathyrella,Watchlist,
Pseudofistulina radicata,Rooting Tube-Pore Polypore,Watchlist,
Rhizopogon kretzerae,,Watchlist,
Squamanita imbachii,,Watchlist,
Squamanita sumstinei,,Watchlist,
Squamanita umbonata,,Watchlist,
Stropharia aeruginosa,,Watchlist,
Suillus brevipes,Short-stalked suillus,Watchlist,
Suillus salmonicolor,Slippery Jill,Watchlist,
Suillus tomentosus,Blue-staining slippery Jack,Watchlist,
Tricholoma grave,Heavy Trich,Watchlist,
Tricholoma magnivelare,American matsutake,Watchlist,
Underwoodia columnaris,Pale tongue fungus,Watchlist,
Volvariella surrecta,Piggyback rosegill,Watchlist,
Anthoceros agrestis,Field Hornwort,Medium ,
Anthoceros macounii,Macoun's Anthoceros,Medium ,
Notothylas orbicularis,A Hornwort,Medium ,
Anastrophyllum michauxii,A Liverwort,Medium ,
Aneura sharpii,A Liverwort,Medium ,
Apopellia endiviifolia,Endive Pellia,Medium ,
Apopellia megaspora,A Liverwort,Medium ,
Barbilophozia hatcheri,A Liverwort,Medium ,
Barbilophozia lycopodioides,Greater Pawwort,Medium ,
Barbilophozia sudetica,A Liverwort,Medium ,
Calypogeia azurea,Blue Pouchwort,Medium ,
Calypogeia suecica,A Liverwort,Medium ,
Cephalozia ambigua,Snow Pincerwort,Medium ,
Cephaloziella elachista,A Liverwort,Medium ,
Cephaloziella elegans,A Liverwort,Medium ,
Cephaloziella massalongoi,A Liverwort,Medium ,
Cephaloziella rubella,A Liverwort,Medium ,
Cephaloziella stellulifera,A Liverwort,Medium ,
Cephaloziella varians,Arctic Threadwort,Medium ,
Chiloscyphus pallescens var. fragilis,A Liverwort,Medium ,
Chiloscyphus pallescens var. pallescens,A Liverwort,Medium ,
Chiloscyphus polyanthos var. polyanthos,A Liverwort,Medium ,
Chiloscyphus polyanthos var. rivularis,A Liverwort,Medium ,
Clevea hyalina,A Liverwort,Medium ,
Crossocalyx hellerianus,A Liverwort,Medium ,
Diplophyllum obtusatum,Blunted Earwort,Medium ,
Endogemma caespiticia,A Liverwort,Medium ,
Fossombronia foveolata,A Liverwort,Medium ,
Fossombronia wondraczekii,A Liverwort,Medium ,
Frullania austinii,Austin's Frullania,Medium ,
Frullania brittoniae,A Liverwort,Medium ,
Frullania inflata,A Liverwort,Medium ,
Frullania oakesiana,A Liverwort,Medium ,
Frullania plana,A Liverwort,Medium ,
Frullania riparia,A Liverwort,Medium ,
Frullania selwyniana,A Liverwort,Medium ,
Fuscocephaloziopsis catenulata,A Liverwort,Medium ,
Fuscocephaloziopsis connivens,A Liverwort,Medium ,
Fuscocephaloziopsis leucantha,A Liverwort,Medium ,
Fuscocephaloziopsis macrostachya,A Liverwort,Medium ,
Fuscocephaloziopsis pleniceps var. pleniceps,Blunt Pincerwort,Medium ,
Gymnocolea inflata ssp. acutiloba,Welsh Notchwort,Medium ,
Gymnocolea inflata ssp. inflata,A Liverwort,Medium ,
Gymnomitrion concinnatum,A Liverwort,Medium ,
Harpanthus drummondii,A Liverwort,Medium ,
Harpanthus scutatus,A Liverwort,Medium ,
Heterogemma capitata,A Liverwort,Medium ,
Heterogemma laxa,A Liverwort,Medium ,
Jubula hutchinsiae ssp. pennsylvanica,A Liverwort,Medium ,
Jungermannia eucordifolia,A Liverwort,Medium ,
Kurzia pauciflora,A Liverwort,Medium ,
Lejeunea lamacerina ssp. gemminata,A Liverwort,Medium ,
Lophocolea bidentata,A Liverwort,Medium ,
Lophocolea coadunata,A Crestwort,Medium ,
Lophocolea minor,Lesser Crestwort,Medium ,
Lophozia ascendens,A Liverwort,Medium ,
Lophozia guttulata,Droplet Flapwort,Medium ,
Lophozia silvicola,Forest Notchwort,Medium ,
Lophozia wenzelii var. wenzelii,A Liverwort,Medium ,
Lophoziopsis excisa,Cut Notchwort,Medium ,
Lunularia cruciata,A Liverwort,Medium ,
Mannia fragrans,A Liverwort,Medium ,
Mannia pilosa,A Liverwort,Medium ,
Mannia sibirica,Sibirian Macewort,Medium ,
Mannia triandra,A Liverwort,Medium ,
Marchantia polymorpha ssp. montivagans,A Liverwort,Medium ,
Marchantia polymorpha ssp. polymorpha,A Liverwort,Medium ,
Marsupella sphacelata,A Liverwort,Medium ,
Mesoptychia badensis,Dwarf Notchwort,Medium ,
Mesoptychia collaris,Collared Notchwort,Medium ,
Mesoptychia heterocolpos var. heterocolpos,A Liverwort,Medium ,
Mesoptychia rutheana,Fen Notchwort,Medium ,
Metzgeria crassipilis,A Liverwort,Medium ,
Metzgeria pubescens,A Liverwort,Medium ,
Moerckia flotoviana,Flotow's Ruffwort,Medium ,
Mylia taylorii,A Liverwort,Medium ,
Nardia scalaris ssp. scalaris,A Liverwort,Medium ,
Neoorthocaulis floerkei,A Liverwort,Medium ,
Odontoschisma sphagni,A Liverwort,Medium ,
Plagiochila austinii,A Liverwort,Medium ,
Porella pinnata,Pinnate Scalewort,Medium ,
Radula obconica,A Liverwort,Medium ,
Radula tenax,A Liverwort,Medium ,
Riccia bifurca,A Liverwort,Medium ,
Riccia cavernosa,Cavernous Crystalwort,Medium ,
Riccia frostii,A Liverwort,Medium ,
Riccia huebeneriana ssp. sullivantii,A Liverwort,Medium ,
Scapania carinthiaca,Carinthian Earwort,Medium ,
Scapania curta var. curta,A Liverwort,Medium ,
Scapania cuspiduligera var. cuspiduligera,A Liverwort,Medium ,
Scapania glaucocephala,A Liverwort,Medium ,
Scapania gymnostomophila,A Liverwort,Medium ,
Scapania irrigua ssp. irrigua,A Liverwort,Medium ,
Scapania lingulata,A Liverwort,Medium ,
Scapania mucronata,A Liverwort,Medium ,
Scapania paludicola var. paludicola,A Liverwort,Medium ,
Scapania paludosa,A Liverwort,Medium ,
Scapania umbrosa,A Liverwort,Medium ,
Schistochilopsis grandiretis,Purple-lobed Notchwort,Medium ,
Schljakovia kunzeana,A Liverwort,Medium ,
Solenostoma hyalinum,A Liverwort,Medium ,
Solenostoma obovatum,A Liverwort,Medium ,
Solenostoma obscurum,A Liverwort,Medium ,
Solenostoma sphaerocarpum,A Liverwort,Medium ,
Sphenolobus saxicola,A Liverwort,Medium ,
Tetralophozia setiformis,A Liverwort,Medium ,
Tritomaria exsectiformis ssp. exsectiformis,A Liverwort,Medium ,
Tritomaria quinquedentata var. quinquedentata,A Liverwort,Medium ,
Plagiobryum zieri,A Moss,High ,
Sphagnum subfulvum,A Peatmoss,High ,
Acaulon muticum var. rufescens,A Moss,Medium ,
Alleniella besseri,A Neckera Moss,Medium ,
Alleniella complanata,Flat Feather Moss,Medium ,
Amphidium lapponicum,A Moss,Medium ,
Amphidium mougeotii,A Moss,Medium ,
Andreaea crassinervia,A Moss,Medium ,
Anomobryum concinnatum,A Moss,Medium ,
Anomobryum julaceum,A Moss,Medium ,
Aquilonium plicatulum,A Moss,Medium ,
Archidium alternifolium,Clay Moss,Medium ,
Arctoa fulvella,Arctoa Moss,Medium ,
Atrichum crispum,A Moss,Medium ,
Atrichum tenellum,A Moss,Medium ,
Aulacomnium androgynum,A Moss,Medium ,
Brachythecium acuminatum,A Moss,Medium ,
Brachythecium acutum,A Moss,Medium ,
Brachythecium albicans,A Moss,Medium ,
Brachythecium erythrorrhizon,A Moss,Medium ,
Brachythecium falcatum,Falcate Feather Moss,Medium ,
Brachythecium turgidum,A Moss,Medium ,
Bryoandersonia illecebra,A Moss,Medium ,
Bryum blindii,Blind's Bryum Moss,Medium ,
Bryum veronense,River Bryum Moss,Medium ,
Bucklandiella microcarpa,A Moss,Medium ,
Bucklandiella sudetica,Narrow-leaf Rock Moss,Medium ,
Bucklandiella venusta,A Moss,Medium ,
Buxbaumia aphylla,Elf Cap Moss,Medium ,
Buxbaumia minakatae,Hump-backed Elves,Medium ,
Calcidicranella varia,Variable Forklet Moss,Medium ,
Campylophyllopsis sommerfeltii,Sommerfelt's Fine Wet Moss,Medium ,
Campylophyllum montanum,A Moss,Medium ,
Campylostelium saxicola,Rock-loving Swan-neck Moss,Medium ,
Chionoloma tenuirostre,Narrow-fruit Crisp Moss,Medium ,
Cinclidium stygium,A Moss,Medium ,
Cirriphyllum piliferum,A Moss,Medium ,
Climacium kindbergii,A Tree Moss,Medium ,
Cnestrum alpestre,Mountain Dogtooth Moss,Medium ,
Codriophorus aduncoides,A Moss,Medium ,
Conardia compacta,A Moss,Medium ,
Ctenidium subrectifolium,A Moss,Medium ,
Cynodontium strumiferum,A Moss,Medium ,
Cynodontium tenellum,A Moss,Medium ,
Cyrtomnium hymenophylloides,A Moss,Medium ,
Dichelyma capillaceum,A Moss,Medium ,
Dichelyma falcatum,A Moss,Medium ,
Dichelyma pallescens,A Moss,Medium ,
Dichodontium pellucidum,A Moss,Medium ,
Dicranella cerviculata,A Moss,Medium ,
Dicranellopsis subulata,A Moss,Medium ,
Dicranodontium denudatum,A Moss,Medium ,
Dicranum acutifolium,Sharpleaf Broom Moss,Medium ,
Dicranum bonjeanii,A Moss,Medium ,
Dicranum condensatum,Condensed Broom Moss,Medium ,
Dicranum muehlenbeckii,A Moss,Medium ,
Dicranum ontariense,Ontario Dicranum Moss,Medium ,
Dicranum spurium,A Moss,Medium ,
Didymodon rigidulus var. rigidulus,A Moss,Medium ,
Dilutineuron fasciculare,A Moss,Medium ,
Distichium capillaceum,A Moss,Medium ,
Ditrichum rhynchostegium,A Moss,Medium ,
Ditrichum tortuloides,A Moss,Medium ,
Drepanium fastigiatum,Recurved Plait Moss,Medium ,
Drepanocladus longifolius,A Moss,Medium ,
Drepanocladus polycarpos,A Moss,Medium ,
Drepanocladus polygamus,A Moss,Medium ,
Drepanocladus trifarius,A Moss,Medium ,
Drummondia prorepens,A Moss,Medium ,
Elodium paludosum,A Moss,Medium ,
Encalypta rhaptocarpa,An Extinguisher Moss,Medium ,
Entodon brevisetus,A Moss,Medium ,
Ephemerum cohaerens,An Emerald Dewdrops Moss,Medium ,
Ephemerum crassinervium var. crassinervium,Emerald Dewdrops,Medium ,
Ephemerum spinulosum,An Emerald Dewdrops Moss,Medium ,
Fissidens exilis,Small Pocket Moss,Medium ,
Fissidens fontanus,A Moss,Medium ,
Fissidens subbasilaris,A Moss,Medium ,
Flexitrichum flexicaule,A Moss,Medium ,
Fontinalis hypnoides,A Moss,Medium ,
Fontinalis sphagnifolia,A Moss,Medium ,
Fontinalis sullivantii,A Moss,Medium ,
Forsstroemia trichomitria,A Moss,Medium ,
Geheebia fallax,False Beard Moss,Medium ,
Geheebia ferruginea,Rusty Beard Moss,Medium ,
Geheebia tophacea,Olive Beard Moss,Medium ,
Gemmabryum klinggraeffii,Raspberry Bryum Moss,Medium ,
Grimmia donniana,Donn's Grimmia Moss,Medium ,
Grimmia hartmanii,A Moss,Medium ,
Grimmia laevigata,Grimmia Dry Rock Moss,Medium ,
Grimmia longirostris,A Moss,Medium ,
Grimmia milleri,A Moss,Medium ,
Grimmia muehlenbeckii,A Moss,Medium ,
Grimmia olneyi,A Moss,Medium ,
Grimmia pilifera,A Moss,Medium ,
Grimmia torquata,A Moss,Medium ,
Grimmia trichophylla,A Moss,Medium ,
Grimmia unicolor,A Moss,Medium ,
Hageniella micans,A Moss,Medium ,
Hamatocaulis vernicosus,A Moss,Medium ,
Haplocladium microphyllum,A Moss,Medium ,
Haplocladium virginianum,A Moss,Medium ,
Haplohymenium triste,Rock Thread Moss,Medium ,
Helodium elodioides,Blandow's Helodium Moss,Medium ,
Herzogiella turfacea,A Moss,Medium ,
Heterocladium dimorphum,A Moss,Medium ,
Homalotheciella subcapillata,A Moss,Medium ,
Hydrogonium orientale,A Moss,Medium ,
Hygroamblystegium humile,A Moss,Medium ,
Hygrohypnum closteri,Closter's Brook-hypnum,Medium ,
Hygrohypnum luridum,Drab Brook Moss,Medium ,
Hylocomiastrum pyrenaicum,A Moss,Medium ,
Hymenoloma crispulum,A Moss,Medium ,
Hypnum cupressiforme var. julaceum,A Moss,Medium ,
Hypnum resupinatum,A Moss,Medium ,
Imbribryum mildeanum,A Moss,Medium ,
Isopterygiopsis muelleriana,A Moss,Medium ,
Isopterygiopsis pulchella,Neat Silk Moss,Medium ,
Kiaeria starkei,Starke's Fork Moss,Medium ,
Koponeniella graminicolor,A Moss,Medium ,
Lescuraea saxicola,A Moss,Medium ,
Leskea gracilescens,A Moss,Medium ,
Leskea obscura,A Moss,Medium ,
Leucodon brachypus,A Moss,Medium ,
Leucodon julaceus,A Moss,Medium ,
Lewinskya elegans,A Moss,Medium ,
Lindbergia brachyptera,Lindberg's Maple-moss,Medium ,
Loeskeobryum brevirostre,A Moss,Medium ,
Longiella distichacea,A Moss,Medium ,
Meesia triquetra,Triangular Swan Moss,Medium ,
Meesia uliginosa,A Moss,Medium ,
Microbryum davallianum var. davallianum,Davall's Dwarf Earth Moss,Medium ,
Micromitrium tenerum,Micromitrium Moss,Medium ,
Mnium thomsonii,A Moss,Medium ,
Myurella julacea,A Moss,Medium ,
Nyholmiella obtusifolia,Blunt Bristle-moss,Medium ,
Oncophorus virens,A Moss,Medium ,
Orthotrichum lescurii,Strangulate Orthotrichum Moss,Medium ,
Orthotrichum ohioense,A Moss,Medium ,
Orthotrichum pumilum,A Moss,Medium ,
Orthotrichum strangulatum,Limestone Bristle Moss,Medium ,
Oxyrrhynchium hians,A Moss,Medium ,
Paludella squarrosa,A Moss,Medium ,
Palustriella falcata,A Moss,Medium ,
Pelekium minutulum,A Moss,Medium ,
Pelekium pygmaeum,A Moss,Medium ,
Philonotis yezoana,A Moss,Medium ,
Physcomitrium collenchymatum,A Moss,Medium ,
Physcomitrium immersum,A Moss,Medium ,
Physcomitrium serratum,A Moss,Medium ,
Plagiomnium drummondii,A Moss,Medium ,
Plagiomnium rostratum,A Moss,Medium ,
Plagiothecium latebricola,Alder Silk Moss,Medium ,
Platydictya jungermannioides,A Moss,Medium ,
Platyhypnum duriusculum,A Moss,Medium ,
Platylomella lescurii,A Moss,Medium ,
Pleuridium subulatum,A Moss,Medium ,
Pogonatum dentatum,A Moss,Medium ,
Pohlia andalusica,Andalusian Pohlia Moss,Medium ,
Pohlia annotina,A Moss,Medium ,
Pohlia bulbifera,A Moss,Medium ,
Pohlia drummondii,A Moss,Medium ,
Pohlia elongata var. elongata,A Moss,Medium ,
Pohlia longicolla,A Moss,Medium ,
Pohlia melanodon,Black-toothed Nodding Moss,Medium ,
Pohlia proligera,A Moss,Medium ,
Polytrichastrum longisetum,A Moss,Medium ,
Polytrichum densifolium,A Moss,Medium ,
Pseudoamblystegium subtile,Bark Willow Moss,Medium ,
Pseudobryum cinclidioides,A Moss,Medium ,
Pseudocampylium radicale,A Moss,Medium ,
Pseudohygrohypnum fauriei,A Moss,Medium ,
Pseudohygrohypnum subeugyrium,A Moss,Medium ,
Pseudoleskeella tectorum,Rooftop Leske's Moss,Medium ,
Ptychomitrium incurvum,A Moss,Medium ,
Ptychostomum cernuum,Swamp Thread Moss,Medium ,
Ptychostomum compactum,Drooping Thread Moss,Medium ,
Ptychostomum pallens,A Moss,Medium ,
Ptychostomum pallescens,A Moss,Medium ,
Ptychostomum weigelii,A Moss,Medium ,
Pylaisiadelpha tenuirostris,Pylaisiadelpha Moss,Medium ,
Rhizomnium pseudopunctatum,Felt Round Moss,Medium ,
Ruficaulis rufescens,A Moss,Medium ,
Saelania glaucescens,Blue Dew,Medium ,
Schistidium boreale,Boreal Bloom Moss,Medium ,
Schistidium crassithecium,Bloom Moss,Medium ,
Schistidium dupretii,Dupret's Bloom Moss,Medium ,
Schistidium lancifolium,A Moss,Medium ,
Schistidium papillosum,A Moss,Medium ,
Schistidium viride,A Moss,Medium ,
Schwetschkeopsis fabronia,A Moss,Medium ,
Sciuro-hypnum starkei,Starke's Ragged Moss,Medium ,
Scorpidium cossonii,A Moss,Medium ,
Scorpidium revolvens,A Moss,Medium ,
Scorpidium scorpioides,A Moss,Medium ,
Seligeria calcarea,A Moss,Medium ,
Seligeria donniana,Donn's Rock-bristle,Medium ,
Seligeria pusilla,Small Limestone Moss,Medium ,
Seligeria tristichoides,A Moss,Medium ,
Sematophyllum adnatum,A Moss,Medium ,
Sematophyllum demissum,A Moss,Medium ,
Sematophyllum marylandicum,A Moss,Medium ,
Sphagnum affine,A Peatmoss,Medium ,
Sphagnum angermanicum,A Moss,Medium ,
Sphagnum austinii,A Moss,Medium ,
Sphagnum compactum,Low Peatmoss,Medium ,
Sphagnum contortum,A Moss,Medium ,
Sphagnum flexuosum,Flexuous Peatmoss,Medium ,
Sphagnum isoviitae,A Moss,Medium ,
Sphagnum lescurii,Yellow Peatmoss,Medium ,
Sphagnum lindbergii,Lindberg's Sphagnum,Medium ,
Sphagnum majus,Greater Peatmoss,Medium ,
Sphagnum platyphyllum,A Moss,Medium ,
Sphagnum pulchrum,Beautiful Peatmoss,Medium ,
Sphagnum recurvum,Recurved Peatmoss,Medium ,
Sphagnum riparium,A Moss,Medium ,
Sphagnum tenellum,Delicate Peatmoss,Medium ,
Splachnum pensylvanicum,Southern Dung Moss,Medium ,
Streblotrichum convolutum,Lesser Bird's-claw Beard Moss,Medium ,
Syntrichia papillosa,Marble Screw Moss,Medium ,
Syntrichia ruralis,A Moss,Medium ,
Tayloria serrata,A Moss,Medium ,
Tetraplodon angustatus,Tooth-leaved Nitrogen Moss,Medium ,
Tetraplodon mnioides,Entire-leaved Nitrogen Moss,Medium ,
Tetrodontium brownianum,Brown's Four-toothed Moss,Medium ,
Tetrodontium ovatum,A Moss,Medium ,
Thelia asprella,A Moss,Medium ,
Thelia hirtella,A Moss,Medium ,
Timmia comata,Timmia Moss,Medium ,
Timmia megapolitana ssp. megapolitana,A Moss,Medium ,
Tomentypnum falcifolium,A Moss,Medium ,
Tortella bambergeri,A moss,Medium ,
Tortella densa,A Moss,Medium ,
Tortella fragilis,A Moss,Medium ,
Tortella inclinata,A Moss,Medium ,
Tortula mucronifolia,A Moss,Medium ,
Tortula obtusifolia,A Moss,Medium ,
Tortula porteri,A Moss,Medium ,
Trematodon ambiguus,Long-necked Moss,Medium ,
Trematodon longicollis,A Moss,Medium ,
Trichostomum crispulum,A Moss,Medium ,
Ulota curvifolia,A Moss,Medium ,
Warnstorfia pseudostraminea,Spring Hook Moss,Medium ,
Weissia muhlenbergiana,A Moss,Medium ,
Zygodon conoideus,A Moss,Medium ,
Juniperus horizontalis,Creeping Juniper,High ,
Pinus banksiana,Jack Pine,Medium ,
Adiantum aleuticum,Aleutian Maidenhair-fern,High ,
Adiantum viridimontanum,Green Mountain Maidenhair-fern,High ,
Asplenium montanum,Mountain Spleenwort,High ,
Asplenium viride,Green Spleenwort,High ,
Botrychium ascendens,Upswept Moonwort,High ,
Botrychium campestre,Prairie Moonwort,High ,
Botrychium minganense,Mingan Moonwort,High ,
Botrychium neolunaria,Common Moonwort,High ,
Botrychium tenebrosum,Shade Moonwort,High ,
Cystopteris laurentiana,Laurentian Bladder Fern,High ,
Dryopteris filix-mas ssp. brittonii,Male Fern,High ,
Huperzia appressa,Mountain Fir Clubmoss,High ,
Huperzia selago,Fir Clubmoss,High ,
Lygodium palmatum,Climbing Fern,High ,
Ophioglossum pusillum,Northern Adder's-tongue,High ,
Sceptridium oneidense,Blunt-lobed Grapefern,High ,
Sceptridium rugulosum,Rugulose Grapefern,High ,
Woodsia alpina,Alpine Woodsia,High ,
Woodsia glabella,Smooth Woodsia,High ,
Botrychium simplex,Least Moonwort,Medium ,
Botrychium spathulatum,Spatulate Moonwort,Medium ,
Coryphopteris simulata,Massachusetts Fern,Medium ,
Diphasiastrum complanatum,Northern Ground-cedar,Medium ,
Diphasiastrum sabinifolium,Ground-fir,Medium ,
Dryopteris fragrans,Fragrant Fern,Medium ,
Equisetum palustre,Marsh Horsetail,Medium ,
Isoetes engelmannii,Engelmann's Quillwort,Medium ,
Isoetes lacustris,Lake Quillwort,Medium ,
Isoetes septentrionalis,River-bank Quillwort,Medium ,
Isoetes tuckermanii,Tuckerman's Quillwort,Medium ,
Isoetes viridimontana,Green Mountain Quillwort,Medium ,
Lycopodiella appressa,Slender Bog-clubmoss,Medium ,
Phegopteris hexagonoptera,Broad Beech-fern,Medium ,
Spinulum canadense,Stiff Clubmoss,Medium ,
Woodwardia virginica,Virginia Chain-fern,Medium ,
Agastache nepetoides,Yellow Giant Hyssop,High ,
Agastache scrophulariifolia,Purple Giant Hyssop,High ,
Agrimonia parviflora,Southern Agrimony,High ,
Amaranthus tuberculatus,Water Hemp,High ,
Amelanchier canadensis,Canada Shadbush,High ,
Ammophila breviligulata ssp. champlainensis,Champlain Beach Grass,High ,
Anemone multifida var. multifida,Early Thimbleweed,High ,
Anthoxanthum monticola ssp. monticola,Alpine Sweet-grass,High ,
Anticlea elegans ssp. glauca,White Camas,High ,
Aplectrum hyemale,Putty-root,High ,
Arethusa bulbosa,Arethusa,High ,
Artemisia campestris ssp. canadensis,Boreal Wormwood,High ,
Artemisia campestris ssp. caudata,Beach Wormwood,High ,
Astragalus alpinus var. brunetianus,Alpine Milk-vetch,High ,
Astragalus canadensis var. canadensis,Canada Milk-vetch,High ,
Astragalus robbinsii var. jesupii,Jesup's Milk-vetch,High ,
Astragalus robbinsii var. minor,Blake's Milk-vetch,High ,
Astragalus robbinsii var. robbinsii,Robbins' Milk-vetch,High ,
Baptisia tinctoria,Yellow Wild-indigo,High ,
Betula minor,Dwarf Birch,High ,
Blephilia ciliata,Downy Wood-mint,High ,
Blephilia hirsuta var. glabrata,Smooth Wood-mint,High ,
Blephilia hirsuta var. hirsuta,Hairy Wood-mint,High ,
Boechera grahamii,Graham's Rockcress,High ,
Borodinia laevigata,Smooth Rockcress,High ,
Borodinia missouriensis,Green Rock-cress,High ,
Braya humilis ssp. humilis,Northern Rock-cress,High ,
Calamagrostis canadensis var. langsdorfii,Langsdorf's Bluejoint,High ,
Calamagrostis canadensis var. macouniana,Short-flower Bluejoint,High ,
Calamagrostis stricta ssp. inexpansa,Bentgrass,High ,
Callitriche hermaphroditica,Northern Water-starwort,High ,
Calypso bulbosa var. americana,Fairy Slipper,High ,
Calystegia spithamaea ssp. spithamaea,Low Bindweed,High ,
Cardamine dentata,Cuckoo Flower,High ,
Carex alopecoidea,Foxtail Sedge,High ,
Carex atherodes,Awned Sedge,High ,
Carex atratiformis,Blackish Sedge,High ,
Carex bicknellii,Bicknell's Sedge,High ,
Carex bigelowii ssp. bigelowii,Bigelow's Sedge,High ,
Carex bushii,Bush's Sedge,High ,
Carex capillaris ssp. capillaris,Capillary Sedge,High ,
Carex chordorrhiza,Creeping Sedge,High ,
Carex davisii,Davis' Sedge,High ,
Carex garberi,Garber's Sedge,High ,
Carex glaucodea,Flaccid Sedge,High ,
Carex gracilescens,Slender Sedge,High ,
Carex livida,Pale Sedge,High ,
Carex molesta,Troublesome Sedge,High ,
Carex muehlenbergii var. enervis,Nerveless Muehlenberg Sedge,High ,
Carex oligocarpa,Few-fruited Sedge,High ,
Carex richardsonii,Richardson's Sedge,High ,
Carex rostrata,Beaked Sedge,High ,
Carex schweinitzii,Schweinitz's Sedge,High ,
Carex scirpoidea ssp. scirpoidea,Scirpus-like Sedge,High ,
Carex sterilis,Dioecious Sedge,High ,
Carex tenuiflora,Thin-flowered Sedge,High ,
Carex vaginata,Sheathed Sedge,High ,
Carex willdenowii,Willdenow's Sedge,High ,
Castilleja septentrionalis,Pale Painted-cup,High ,
Ceanothus herbaceus,Prairie Redroot,High ,
Chenopodium berlandieri var. bushianum,Bush's Goosefoot,High ,
Chenopodium foggii,Fogg's Goosefoot,High ,
Claytonia virginica,Virginia Spring Beauty,High ,
Collinsia parviflora,Small-flowered Collinsia,High ,
Corydalis aurea,Golden Corydalis,High ,
Crataegus boyntonii,Stinking Hawthorn,High ,
Crataegus dodgei,Dodge's Hawthorn,High ,
Crataegus ideae,Concord Hawthorn,High ,
Crataegus jesupii,Jesup's Hawthorn,High ,
Crataegus kennedyi,Kennedy's Hawthorn,High ,
Crataegus oakesiana,Oakes' Hawthorn,High ,
Crataegus populnea,Poplar Hawthorn,High ,
Crataegus scabrida var. asperifolia,Rough-leaf Hawthorn,High ,
Crataegus scabrida var. cyclophylla,Round-leaf Hawthorn,High ,
Crataegus succulenta var. pisifera,Pea Hawthorn,High ,
Crataegus succulenta var. succulenta,Fleshy Hawthorn,High ,
Cubelium concolor,Green Violet,High ,
Cuscuta saururi,Broad-flower Dodder,High ,
Cynoglossum virginianum var. boreale,Northern Wild Comfrey,High ,
Cyperus engelmannii,Engelmann's Flatsedge,High ,
Cyperus houghtonii,Houghton's Flatsedge,High ,
Cyperus odoratus,Rusty Flatsedge,High ,
Cypripedium arietinum,Ram's Head Lady's-slipper,High ,
Cypripedium parviflorum var. makasin,Least Yellow Lady's-slipper,High ,
Descurainia pinnata var. brachycarpa,Tansy Mustard,High ,
Desmodium cuspidatum,Large-bracted Tick-trefoil,High ,
Diapensia lapponica ssp. lapponica,Diapensia,High ,
Dichanthelium languidum,Weak Panic-grass,High ,
Dichanthelium subvillosum,Soft-hair Panic-grass,High ,
Draba arabisans,Rock Draba,High ,
Draba cana,Hoary Draba,High ,
Draba glabella,Smooth Draba,High ,
Dracocephalum parviflorum,American Dragonhead,High ,
Elatine americana,American Waterwort,High ,
Eleocharis aestuum,Tidal Spikerush,High ,
Eleocharis compressa var. compressa,Flat-stem Spikerush,High ,
Eleocharis diandra,Wright's Spikerush,High ,
Eleocharis nitida,Slender Spikerush,High ,
Elymus macgregorii var. hirsutispiculus,MacGregor's Hairy Wild Rye,High ,
Elymus macgregorii var. macgregorii,MacGregor's Wild Rye,High ,
Elymus villosus var. arkansanus,Southern Wild-rye,High ,
Empetrum nigrum,Black Crowberry,High ,
Eragrostis capillaris,Lace Love-grass,High ,
Erigeron hyssopifolius,Hyssop-leaved Fleabane,High ,
Erigeron philadelphicus var. provancheri,Provancher's Dwarf Fleabane,High ,
Euphorbia nutans,Nodding Spurge,High ,
Festuca brachyphylla ssp. brachyphylla,Shortleaf Fescue,High ,
Festuca rubra ssp. pruinosa,Coastal Red Fescue,High ,
Festuca rubra ssp. vallicola,Montane Red Fescue,High ,
Festuca saximontana var. saximontana,Mountain Fescue,High ,
Floerkea proserpinacoides,False Mermaid-weed,High ,
Galearis rotundifolia,Small Round-leaved Orchis,High ,
Galium brevipes,Limestone Swamp Bedstraw,High ,
Galium labradoricum,Bog Bedstraw,High ,
Gentiana andrewsii,Fringe-top Closed Gentian,High ,
Gentianella amarella ssp. acuta,Felwort,High ,
Geocarpon groenlandicum,Mountain Sandwort,High ,
Geranium carolinianum,Carolina Crane's-bill,High ,
Geum vernum,Spring Avens,High ,
Goodyera oblongifolia,Giant Rattlesnake-plantain,High ,
Graphephorum melicoides,Purple False Oats,High ,
Hackelia deflexa ssp. americana,Nodding Stickseed,High ,
Heliopsis helianthoides var. helianthoides,Ox-eye,High ,
Hudsonia ericoides,Golden-heather,High ,
Hudsonia tomentosa,Beach Heather,High ,
Hydrastis canadensis,Golden-seal,High ,
Hydrophyllum canadense,Broad-leaved Waterleaf,High ,
Hypopitys lanuginosa,Red Pine-sap,High ,
Hypoxis hirsuta,Star Grass,High ,
Isotria medeoloides,Small Whorled Pogonia,High ,
Juncus torreyi,Torrey's Rush,High ,
Juncus vaseyi,Vasey Rush,High ,
Lactuca hirsuta,Hairy Lettuce,High ,
Lathyrus ochroleucus,Pale Vetchling,High ,
Lechea minor,Lesser Pinweed,High ,
Lemna perpusilla,Minute Duckweed,High ,
Lespedeza stuevei,Tall Bush-clover,High ,
Leucophysalis grandiflora,Large White-flowered Ground-cherry,High ,
Linum medium,Stiff Yellow Flax,High ,
Linum sulcatum var. sulcatum,Grooved Yellowflax,High ,
Liparis liliifolia,Lily-leaved Twayblade,High ,
Lonicera hirsuta,Hairy Honeysuckle,High ,
Lonicera sempervirens var. sempervirens,Trumpet Honeysuckle,High ,
Ludwigia polycarpa,Many-fruited False-loosestrife,High ,
Lupinus perennis ssp. perennis,Wild Lupine,High ,
Luzula spicata,Spiked Wood-rush,High ,
Lythrum alatum ssp. alatum,Winged-loosestrife,High ,
Malaxis monophyllos var. brachypoda,White Adder's-mouth,High ,
Minuartia marcescens,Marcescent Sandwort,High ,
Minuartia rubella,Marble Sandwort,High ,
Moehringia macrophylla,Large-leaved Sandwort,High ,
Monarda punctata,Dotted Horsemint,High ,
Morus rubra,Red Mulberry,High ,
Nabalus boottii,Boott's Rattlesnake-root,High ,
Neottia auriculata,Auricled Twayblade,High ,
Neottia bifolia,Southern Twayblade,High ,
Nymphaea leibergii,Dwarf Water-lily,High ,
Oenothera nutans,Nodding Evening-primrose,High ,
Oreojuncus trifidus,Highland Rush,High ,
Osmorhiza berteroi,Mountain Sweet-cicely,High ,
Osmorhiza depauperata,Blunt-fruited Sweet-cicely,High ,
Panax quinquefolius,American Ginseng,High ,
Panicum flexile,Stiff Witch-grass,High ,
Paronychia canadensis,Smooth Forked Chickweed,High ,
Phragmites americanus,American Reed,High ,
Pilea fontana,Black-seeded Clearweed,High ,
Pinguicula vulgaris,Butterwort,High ,
Platanthera huronensis,Huron Orchid,High ,
Poa flexuosa ssp. fernaldiana,Wavy Bluegrass,High ,
Poa glauca ssp. glauca,Glaucous Bluegrass,High ,
Poa interior,Inland Bluegrass,High ,
Poa pratensis ssp. agassizensis,Agassiz Kentucky Bluegrass,High ,
Poa saltuensis ssp. languida,Lax Bluegrass,High ,
Podophyllum peltatum,May-apple,High ,
Polemonium vanbruntiae,Eastern Jacob's Ladder,High ,
Polygonum erectum,Erect Knotweed,High ,
Polymnia canadensis,White-flowered Leafcup,High ,
Potamogeton hillii,Hill's Pondweed,High ,
Primula mistassinica,Bird's-eye Primrose,High ,
Pterospora andromedea,Pinedrops,High ,
Pyrola minor,Lesser Pyrola,High ,
Ranunculus hispidus,Bristly Buttercup,High ,
Rhodiola rosea,Roseroot,High ,
Rhododendron lapponicum,Lapland Rosebay,High ,
Rhododendron maximum,Great Laurel,High ,
Rhynchospora capillacea,Capillary Beak-rush,High ,
Ribes rotundifolium,Appalachian Gooseberry,High ,
Rorippa aquatica,Lake-cress,High ,
Rosa acicularis ssp. sayi,Needle-spine Rose,High ,
Rudbeckia hirta var. hirta,Black-eyed Susan,High ,
Rumex occidentalis,Western Dock,High ,
Rumex pallidus,Seabeach Dock,High ,
Sagina decumbens,Small Pearlwort,High ,
Sagittaria engelmanniana,Engelmann's Arrowhead,High ,
Salix amygdaloides,Peach-leaf Willow,High ,
Salix planifolia ssp. planifolia,Tea-leaved Willow,High ,
Salix uva-ursi,Bearberry Willow,High ,
Sanicula canadensis var. canadensis,Short-styled Snakeroot,High ,
Sanicula canadensis var. grandis,Long-styled Snakeroot,High ,
Saxifraga aizoides,Yellow Mountain Saxifrage,High ,
Saxifraga oppositifolia ssp. oppositifolia,Purple Mountain Saxifrage,High ,
Saxifraga paniculata ssp. paniculata,White Mountain Saxifrage,High ,
Schoenoplectus heterochaetus,Slender Bulrush,High ,
Scirpus ancistrochaetus,Barbed-bristle Bulrush,High ,
Scirpus georgianus,Georgia Bulrush,High ,
Scutellaria parvula var. missouriensis,Shale Barren Skullcap,High ,
Scutellaria parvula var. parvula,Small Skullcap,High ,
Senega verticillata,Whorled Milkwort,High ,
Senna hebecarpa,Wild Senna,High ,
Silene stellata,Starry Catchfly,High ,
Sisyrinchium mucronatum,Slender Blue-eyed-grass,High ,
Solidago bartramiana,Brenda's Goldenrod,High ,
Solidago leiocarpa,Cutler's Goldenrod,High ,
Solidago ptarmicoides,Snowy Aster,High ,
Solidago racemosa,River-ledge Goldenrod,High ,
Solidago speciosa var. speciosa,Showy Goldenrod,High ,
Sparganium androcladum,Branching Bur-reed,High ,
Sphenopholis nitida,Shiny Wedgegrass,High ,
Sphenopholis obtusata,Blunt Sphenopholis,High ,
Spiranthes casei var. casei,Case's Ladies'-tresses,High ,
Spiranthes lacera var. gracilis,Southern Slender Ladies'-tresses,High ,
Stachys hispida,Rough Hedge-nettle,High ,
Stuckenia filiformis,Slender Pondweed,High ,
Subularia aquatica var. americana,Water Awlwort,High ,
Symphyotrichum lanceolatum var. interior,Inland Lance-leaf Aster,High ,
Symphyotrichum prenanthoides,Crooked-stem Aster,High ,
Symphyotrichum urophyllum,White-arrow Aster,High ,
Taenidia integerrima,Yellow Pimpernel,High ,
Thalictrum venulosum,Border Meadow-rue,High ,
Toxicodendron radicans ssp. negundo,Hairy Climbing Poison-ivy,High ,
Trichostema brachiatum,False Pennyroyal,High ,
Triglochin maritima,Common Arrow-grass,High ,
Ulmus thomasii,Cork Elm,High ,
Vaccinium uliginosum,Alpine Bilberry,High ,
Vahlodea atropurpurea,Mountain Hairgrass,High ,
Valeriana uliginosa,Marsh Valerian,High ,
Verbena simplex,Narrow-leaved Vervain,High ,
Veronica catenata,Water-speedwell,High ,
Veronica serpyllifolia var. humifusa,Northern Thyme-leaf Speedwell,High ,
Veronicastrum virginicum,Culver's-root,High ,
Viola subsinuata,Lobed Violet,High ,
Xyris difformis var. difformis,Bog Yellow-eyed-grass,High ,
Acalypha gracilens,Slender Copperleaf,Medium ,
Agalinis purpurea var. parviflora,Smooth Agalinis,Medium ,
Agrimonia pubescens,Hairy Agrimony,Medium ,
Agrostis mertensii,Boreal Bentgrass,Medium ,
Allium canadense var. canadense,Wild Garlic,Medium ,
Allium schoenoprasum,Siberian Chives,Medium ,
Anemone cylindrica,Long-headed Thimbleweed,Medium ,
Arabidopsis lyrata,Lyre-leaved Rock-cress,Medium ,
Arceuthobium pusillum,Dwarf Mistletoe,Medium ,
Arisaema dracontium,Green Dragon,Medium ,
Aristida dichotoma var. dichotoma,Churchmouse Threeawn,Medium ,
Aristida longespica var. geniculata,Spiked Grass,Medium ,
Asclepias amplexicaulis,Blunt-leaved Milkweed,Medium ,
Asclepias tuberosa ssp. tuberosa,Butterfly-weed,Medium ,
Asclepias verticillata,Whorled Milkweed,Medium ,
Aureolaria flava var. flava,Smooth False-foxglove,Medium ,
Aureolaria pedicularia,Feverweed,Medium ,
Aureolaria virginica,Downy False-foxglove,Medium ,
Bartonia virginica,Yellow Bartonia,Medium ,
Blitum capitatum ssp. capitatum,Strawberry Blite,Medium ,
Boechera stricta,Drummond's Rock-cress,Medium ,
Brachyelytrum erectum,Shorthusk,Medium ,
Bromus kalmii,Wild Chess,Medium ,
Calamagrostis pickeringii,Pickering's Reed-grass,Medium ,
Callitriche heterophylla var. heterophylla,Large Water-starwort,Medium ,
Cardamine bulbosa,Spring Cress,Medium ,
Cardamine maxima,Large Toothwort,Medium ,
Cardamine parviflora var. arenicola,Small-flower Bitter-cress,Medium ,
Carex albicans var. albicans,Whitetinge Sedge,Medium ,
Carex albicans var. emmonsii,Emmon's Sedge,Medium ,
Carex arcta,Contracted Sedge,Medium ,
Carex atlantica var. atlantica,Atlantic Sedge,Medium ,
Carex atlantica var. capillacea,Howe's Sedge,Medium ,
Carex buxbaumii,Buxbaum's Sedge,Medium ,
Carex cryptolepis,Northeastern Sedge,Medium ,
Carex cumulata,Clustered Sedge,Medium ,
Carex echinodes,Urchin Sedge,Medium ,
Carex exilis,Bog Sedge,Medium ,
Carex foenea,Bronze Sedge,Medium ,
Carex houghtoniana,Houghton's Sedge,Medium ,
Carex laevivaginata,Smooth Sedge,Medium ,
Carex longii,Greenish-white Sedge,Medium ,
Carex lupuliformis,False Hop Sedge,Medium ,
Carex merritt-fernaldii,Fernald's Sedge,Medium ,
Carex michauxiana,Michaux Sedge,Medium ,
Carex muehlenbergii var. muehlenbergii,Muehlenberg's Sedge,Medium ,
Carex nigra,Black Sedge,Medium ,
Carex oligosperma,Few-seeded Sedge,Medium ,
Carex siccata,Hay Sedge,Medium ,
Carex typhina,Cat-tail Sedge,Medium ,
Carex wiegandii,Wiegand's Sedge,Medium ,
Carya glabra,Pignut Hickory,Medium ,
Castanea dentata,American Chestnut,Medium ,
Cerastium nutans ssp. nutans,Nodding Chickweed,Medium ,
Ceratophyllum echinatum,Prickly Hornwort,Medium ,
Chamaecrista nictitans var. nictitans,Wild Sensitive Plant,Medium ,
Cirsium discolor,Field Thistle,Medium ,
Cladium mariscoides,Bog-rush,Medium ,
Coleataenia rigidula ssp. rigidula,Redtop Panic-grass,Medium ,
Collinsonia canadensis,Canada Horse-balm,Medium ,
Corallorhiza odontorhiza var. odontorhiza,Autumn Coral-root,Medium ,
Cornus florida,Flowering Dogwood,Medium ,
Corylus americana,American Hazelnut,Medium ,
Crassula aquatica,Pygmyweed,Medium ,
Crataegus biltmoreana,Biltmore Hawthorn,Medium ,
Crataegus intricata var. intricata,Intricate Hawthorn,Medium ,
Crataegus irrasa var. irrasa,Zigzag Hawthorn,Medium ,
Crocanthemum bicknellii,Plains Frostweed,Medium ,
Crocanthemum canadense,Canada Frostweed,Medium ,
Crotalaria sagittalis,Rattlebox,Medium ,
Cuscuta cephalanthi,Buttonbush Dodder,Medium ,
Cyperus diandrus,Low Flatsedge,Medium ,
Dactylorhiza viridis,Long-bract Green Orchis,Medium ,
Desmodium perplexum,Perplexed Tick-trefoil,Medium ,
Desmodium rotundifolium,Prostrate Tick-trefoil,Medium ,
Dichanthelium oligosanthes ssp. scribnerianum,Few-flowered Panic-grass,Medium ,
Dichanthelium sphaerocarpon,Spherical Panic-grass,Medium ,
Elatine minima,Small Waterwort,Medium ,
Eleocharis flavescens var. olivacea,Olive Spikerush,Medium ,
Eleocharis quinqueflora,Few-flowered Spikerush,Medium ,
Eleocharis robbinsii,Robbins Spikerush,Medium ,
Elymus villosus var. villosus,Hairy Wild-rye,Medium ,
Empetrum atropurpureum,Purple Crowberry,Medium ,
Epilobium palustre,Marsh Willow-herb,Medium ,
Eriophorum gracile,Slender Cotton-grass,Medium ,
Eriophorum tenellum,Rough Cotton-grass,Medium ,
Eupatorium sessilifolium,Sessile-leaved Boneset,Medium ,
Eurybia radula,Rough-leaved Aster,Medium ,
Eutrochium purpureum var. purpureum,Sweet Joe-pye Weed,Medium ,
Fimbristylis autumnalis,Autumn Fimbristylis,Medium ,
Galium obtusum ssp. obtusum,Large Marsh Bedstraw,Medium ,
Galium pilosum var. pilosum,Hairy Bedstraw,Medium ,
Gentianella quinquefolia,Stiff Gentian,Medium ,
Glyceria acutiflora,Sharp Manna-grass,Medium ,
Glyceria septentrionalis,Eastern Manna-grass,Medium ,
Halenia deflexa ssp. deflexa,Spurred Gentian,Medium ,
Hedysarum alpinum var. americanum,Alpine Sweet-broom,Medium ,
Helenium autumnale,Sneezeweed,Medium ,
Helianthus strumosus,Harsh Sunflower,Medium ,
Hippuris vulgaris,Mare's-tail,Medium ,
Houstonia longifolia,Longleaf Bluet,Medium ,
Hypericum ascyron,Great St. John's-wort,Medium ,
Hypericum gentianoides,Orange-grass St. John's-wort,Medium ,
Ilex laevigata,Smooth Holly,Medium ,
Isotria verticillata,Large Whorled Pogonia,Medium ,
Juglans cinerea,Butternut,Medium ,
Juncus acuminatus,Tapering Rush,Medium ,
Juncus alpinoarticulatus,Alpine Rush,Medium ,
Juncus anthelatus,Greater Poverty Rush,Medium ,
Juncus greenei,Greene's Rush,Medium ,
Juncus militaris,Soldier Rush,Medium ,
Juncus secundus,Secund Rush,Medium ,
Juncus subcaudatus,Woodland Rush,Medium ,
Lathyrus japonicus var. maritimus,Beach Pea,Medium ,
Lathyrus palustris,Marsh Vetchling,Medium ,
Lechea maritima var. maritima,Beach Pinweed,Medium ,
Lechea mucronata,Hairy Pinweed,Medium ,
Lespedeza frutescens,Violet Bush-clover,Medium ,
Lespedeza hirta ssp. hirta,Hairy Bush-clover,Medium ,
Lespedeza procumbens,Trailing Bush-clover,Medium ,
Lespedeza violacea,Violet Bush-clover,Medium ,
Liriodendron tulipifera,Tulip Tree,Medium ,
Littorella americana,American Shore-grass,Medium ,
Lonicera oblongifolia,Swamp Fly-honeysuckle,Medium ,
Luzula parviflora,Small-flowered Rush,Medium ,
Lycopus americanus ssp. laurentianus,St. Lawrence Water-horehound,Medium ,
Lysimachia hybrida,Lance-leaved Loosestrife,Medium ,
Malaxis unifolia,Green Adder's-mouth,Medium ,
Muhlenbergia sobolifera,Sprout Muhly,Medium ,
Muhlenbergia sylvatica,Woodland Muhly,Medium ,
Myosotis laxa,Smaller Forget-me-not,Medium ,
Myosotis verna,Spring Forget-me-not,Medium ,
Myriophyllum alterniflorum,Water Milfoil,Medium ,
Myriophyllum farwellii,Farwell's Water-milfoil,Medium ,
Myriophyllum humile,Low Water-milfoil,Medium ,
Myriophyllum verticillatum,Whorled Water-milfoil,Medium ,
Najas gracillima,Slender Naiad,Medium ,
Najas guadalupensis ssp. guadalupensis,Guadalupe Naiad,Medium ,
Neottia cordata,Heartleaf Twayblade,Medium ,
Oclemena nemoralis,Bog Aster,Medium ,
Omalotheca sylvatica,Woodland Cudweed,Medium ,
Panicum philadelphicum var. philadelphicum,Philadelphia Panic-grass,Medium ,
Persicaria careyi,Carey's Smartweed,Medium ,
Petasites frigidus var. palmatus,Sweet Coltsfoot,Medium ,
Physalis grisea,Strawberry-tomato,Medium ,
Physalis longifolia var. subglabrata,Smooth Ground-cherry,Medium ,
Physostegia virginiana ssp. virginiana,Obedient Plant,Medium ,
Piptatheropsis pungens,Slender Mountain-rice,Medium ,
Platanthera blephariglottis var. blephariglottis,White-fringed Orchid,Medium ,
Platanthera flava var. herbiola,Tubercled Orchid,Medium ,
Platanthera hookeri,Hooker's Orchid,Medium ,
Platanthera macrophylla,Large Roundleaf Orchid,Medium ,
Platanthera obtusata ssp. obtusata,Small Bog Orchid,Medium ,
Platanthera orbiculata,Roundleaf Orchid,Medium ,
Podostemum ceratophyllum,Riverweed,Medium ,
Polygonatum biflorum,Common Solomon's-seal,Medium ,
Polygonum douglasii,Douglas' Knotweed,Medium ,
Polygonum tenue,Slender Knotweed,Medium ,
Potamogeton bicupulatus,Snail-seed Pondweed,Medium ,
Potamogeton confervoides,Tuckerman's Pondweed,Medium ,
Potamogeton strictifolius,Straight-leaf Pondweed,Medium ,
Potamogeton vaseyi,Vasey's Pondweed,Medium ,
Proserpinaca palustris,Marsh Mermaid-weed,Medium ,
Prunus americana,Wild Plum,Medium ,
Prunus pumila var. depressa,Low Sand Cherry,Medium ,
Prunus susquehanae,Susquehanna Sand Cherry,Medium ,
Pycnanthemum incanum var. incanum,Hoary Mountain-mint,Medium ,
Pycnanthemum muticum,Blunt Mountain-mint,Medium ,
Pycnanthemum verticillatum var. verticillatum,Whorled Mountain-mint,Medium ,
Pyrola asarifolia ssp. asarifolia,Bog Wintergreen,Medium ,
Pyrola chlorantha,Green-flower Shinleaf,Medium ,
Quercus coccinea,Scarlet Oak,Medium ,
Quercus ilicifolia,Scrub Oak,Medium ,
Quercus prinoides,Dwarf Chinquapin Oak,Medium ,
Ranunculus allegheniensis,Allegheny Crowfoot,Medium ,
Ranunculus fascicularis,Early Buttercup,Medium ,
Ranunculus subrigidus,Stiff Water-crowfoot,Medium ,
Rhexia virginica,Virginia Meadow-beauty,Medium ,
Rhododendron periclymenoides,Pinxter-flower,Medium ,
Rosa nitida,Shining Rose,Medium ,
Rosa virginiana,Virginia Rose,Medium ,
Sagittaria australis,Appalachian Arrowhead,Medium ,
Salix pedicellaris,Bog Willow,Medium ,
Salix pellita,Satiny Willow,Medium ,
Salix serissima,Autumn Willow,Medium ,
Samolus parviflorus,Water Pimpernel,Medium ,
Sanguisorba canadensis,Canada Burnet,Medium ,
Sanicula odorata,Clustered Snakeroot,Medium ,
Scheuchzeria palustris,Pod-grass,Medium ,
Schoenoplectiella smithii var. setosa,Smith's Bulrush,Medium ,
Schoenoplectiella smithii var. smithii,Smith's Bulrush,Medium ,
Schoenoplectus torreyi,Torrey's Bulrush,Medium ,
Scrophularia marilandica,Carpenter's-square,Medium ,
Senega officinalis,Seneca Snakeroot,Medium ,
Senega polygama,Racemed Milkwort,Medium ,
Sericocarpus asteroides,White-topped Aster,Medium ,
Sisyrinchium atlanticum,Eastern Blue-eyed-grass,Medium ,
Solidago odora ssp. odora,Sweet Goldenrod,Medium ,
Solidago randii,Rand's Mountain Goldenrod,Medium ,
Solidago squarrosa,Squarrose Goldenrod,Medium ,
Solidago ulmifolia,Elm-leaved Goldenrod,Medium ,
Sparganium natans,Lesser Bur-reed,Medium ,
Spiranthes lacera var. lacera,Northern Slender Ladies'-tresses,Medium ,
Spiranthes romanzoffiana,Hooded Ladies'-tresses,Medium ,
Sporobolus compositus var. compositus,Rough Dropseed,Medium ,
Stachys pilosa var. pilosa,Marsh Woundwort,Medium ,
Stellaria undulata,Trailing Stitchwort,Medium ,
Stuckenia x fennica,Hybrid Thread-leaved Pondweed,Medium ,
Symphyotrichum boreale,Boreal Aster,Medium ,
Symphyotrichum ciliolatum,Ciliolate Aster,Medium ,
Symphyotrichum laeve var. laeve,Smooth Blue Aster,Medium ,
Symphyotrichum tradescantii,Tradescant Aster,Medium ,
Thalictrum thalictroides,Rue-anemone,Medium ,
Triantha glutinosa,Sticky False-asphodel,Medium ,
Trichophorum cespitosum,Deer-hair Sedge,Medium ,
Trichophorum planifolium,Bashful Bulrush,Medium ,
Triphora trianthophoros ssp. trianthophoros,Three-bird Orchid,Medium ,
Utricularia radiata,Inflated Bladderwort,Medium ,
Utricularia resupinata,Northeastern Bladderwort,Medium ,
Uvularia perfoliata,Perfoliate Bellwort,Medium ,
Vaccinium boreale,Boreal Blueberry,Medium ,
Vaccinium caespitosum,Dwarf Bilberry,Medium ,
Vaccinium stamineum,Deerberry,Medium ,
Vaccinium vitis-idaea ssp. minus,Mountain Cranberry,Medium ,
Viburnum edule,Squashberry,Medium ,
Viola lanceolata ssp. lanceolata,Lance-leaved Violet,Medium ,
Viola latiuscula,Broad-leaf Wood Violet,Medium ,
Viola nephrophylla,Northern Bog Violet,Medium ,
Viola palmata var. triloba,Northern Three-lobed Violet,Medium ,
Viola sagittata,Arrow-leaf Violet,Medium ,
Vulpia octoflora var. tenella,Eight-flowered Fescue,Medium ,
Xyris montana,Northern Yellow-eyed-grass,Medium ,
Zannichellia palustris,Horned Pondweed,Medium ,
Arnica lanceolata ssp. lanceolata,New England Arnica,Assessment Needed,
Bistorta vivipara,Alpine Smartweed,Assessment Needed,
Crataegus brainerdii,Brainerd's Hawthorn,Assessment Needed,
Crataegus chrysocarpa var. praecox,Precocious Hawthorn,Assessment Needed,
Crataegus faxonii,Faxon's Hawthorn,Assessment Needed,
Crataegus irrasa var. blanchardii,Blanchard's Hawthorn,Assessment Needed,
Crataegus lucorum,Grove Hawthorn,Assessment Needed,
Crataegus macracantha var. occidentalis,Western Long-spine Hawthorn,Assessment Needed,
Crataegus scabrida var. egglestonii,Eggleston's Hawthorn,Assessment Needed,
Crataegus scabrida var. scabrida,Harsh Hawthorn,Assessment Needed,
Hieracium umbellatum,Umbellate Hawkweed,Assessment Needed,
Justicia americana,Common Water-willow,Assessment Needed,
Lemna turionifera,Turion Duckweed,Assessment Needed,
Paronychia fastigiata var. fastigiata,Hairy Forked Chickweed,Assessment Needed,