Scientific Name,Kingdom,Taxonomic Group,Family,Genus,Species,Infraspecific Taxon,vernacularName,State Status,Federal Status,Date Listed,Previously Listed As,Notes
Adiantum viridimontanum,Plantae,Vascular Plants,Pteridaceae,Adiantum,viridimontanum,,Green Mountain Maidenhair-fern,T,,1994-12-07,,
Agastache nepetoides,Plantae,Vascular Plants,Lamiaceae,Agastache,nepetoides,,Yellow Giant Hyssop,T,,1987-04-13,,
Agastache scrophulariifolia,Plantae,Vascular Plants,Lamiaceae,Agastache,scrophulariifolia,,Purple Giant Hyssop,T,,1987-04-13,,
Allium canadense var. canadense,Plantae,Vascular Plants,Liliaceae,Allium,canadense,canadense,Wild Garlic,T,,1987-04-13,Allium canadense L.,
Ammophila breviligulata ssp. champlainensis,Plantae,Vascular Plants,Poaceae,Ammophila,breviligulata,champlainensis,Champlain Beach Grass,E,,1987-04-13,Ammophila champlainensis Seymour,
Anemone multifida var. multifida,Plantae,Vascular Plants,Ranunculaceae,Anemone,multifida,multifida,Early Thimbleweed,E,,1987-04-13,Anemone multifida Poir.,
Anthoxanthum monticola ssp. monticola,Plantae,Vascular Plants,Poaceae,Anthoxanthum,monticola,monticola,Alpine Sweet-grass,T,,1987-04-13,"Hierochloe alpina (Swartz) R. & S.; Anthoxanthum
 monticola (Bigelow) Veldkamp",
Anticlea elegans ssp. glauca,Plantae,Vascular Plants,Liliaceae,Anticlea,elegans,glauca,White Camas,E,,2012-11-15,Anticlea glauca (Nutt.) Kunth,
Aplectrum hyemale,Plantae,Vascular Plants,Orchidaceae,Aplectrum,hyemale,,Putty-root,T,,1987-04-13,,
Arabidopsis lyrata,Plantae,Vascular Plants,Brassicaceae,Arabidopsis,lyrata,,Lyre-leaved Rock-cress,T,,1987-04-13,Arabis lyrata L.,
Arethusa bulbosa,Plantae,Vascular Plants,Orchidaceae,Arethusa,bulbosa,,Arethusa,T,,1987-04-13,,
Arisaema dracontium,Plantae,Vascular Plants,Araceae,Arisaema,dracontium,,Green Dragon,T,,1987-04-13,,
Asclepias amplexicaulis,Plantae,Vascular Plants,Apocynaceae,Asclepias,amplexicaulis,,Blunt-leaved Milkweed,T,,1987-04-13,,
Asclepias tuberosa ssp. tuberosa,Plantae,Vascular Plants,Apocynaceae,Asclepias,tuberosa,tuberosa,Butterfly-weed,T,,1987-04-13,Asclepias tuberosa L.,
Asclepias verticillata,Plantae,Vascular Plants,Apocynaceae,Asclepias,verticillata,,Whorled Milkweed,E,,2015-03-28,,
Asplenium montanum,Plantae,Vascular Plants,Aspleniaceae,Asplenium,montanum,,Mountain Spleenwort,T,,1987-04-13,,
Asplenium viride,Plantae,Vascular Plants,Aspleniaceae,Asplenium,viride,,Green Spleenwort,T,,1987-04-13,Asplenium trichomanes- ramosum L.,
Astragalus canadensis var. canadensis,Plantae,Vascular Plants,Fabaceae,Astragalus,canadensis,canadensis,Canada Milk-vetch,T,,1987-04-13,Astragalus canadensis L.,
Astragalus robbinsii var. jesupii,Plantae,Vascular Plants,Fabaceae,Astragalus,robbinsii,jesupii,Jesup's Milk-vetch,E,E,1987-04-13,,
Betula minor,Plantae,Vascular Plants,Betulaceae,Betula,minor,,Dwarf Birch,E,,2015-03-28,,
Blephilia hirsuta var. glabrata,Plantae,Vascular Plants,Lamiaceae,Blephilia,hirsuta,glabrata,Smooth Wood-mint,T,,1987-04-13,Blephilia hirsuta (Pursh.) Benth.,
Blephilia hirsuta var. hirsuta,Plantae,Vascular Plants,Lamiaceae,Blephilia,hirsuta,hirsuta,Hairy Wood-mint,T,,1987-04-13,"Blephilia hirsuta
 (Pursh.) Benth.",
Boechera stricta,Plantae,Vascular Plants,Brassicaceae,Boechera,stricta,,Drummond's Rock-cress,E,,1991-11-09,Arabis drummondii A. Gray,
Botrychium minganense,Plantae,Vascular Plants,Ophioglossaceae,Botrychium,minganense,,Mingan Moonwort,E,,2011-02-16,,
Braya humilis ssp. humilis,Plantae,Vascular Plants,Brassicaceae,Braya,humilis,humilis,Northern Rock-cress,T,,1987-04-13,Braya humilis (C.A. Mey) B.L. Rob.,
Calamagrostis pickeringii,Plantae,Vascular Plants,Poaceae,Calamagrostis,pickeringii,,Pickering's Reed-grass,E,,2011-02-16,,
Calamagrostis stricta ssp. inexpansa,Plantae,Vascular Plants,Poaceae,Calamagrostis,stricta,inexpansa,Bentgrass,E,,1991-11-09,,
Calypso bulbosa var. americana,Plantae,Vascular Plants,Orchidaceae,Calypso,bulbosa,americana,Fairy Slipper,T,,1987-04-13,Calypso bulbosa (L.) Oakes,
Calystegia spithamaea ssp. spithamaea,Plantae,Vascular Plants,Convolvulaceae,Calystegia,spithamaea,spithamaea,Low Bindweed,T,,1987-04-13,Calystegia spithamaea (L.) Pursh,
Carex arcta,Plantae,Vascular Plants,Cyperaceae,Carex,arcta,,Contracted Sedge,E,,1991-11-09,,
Carex atratiformis,Plantae,Vascular Plants,Cyperaceae,Carex,atratiformis,,Blackish Sedge,T,,1987-04-13,,
Carex buxbaumii,Plantae,Vascular Plants,Cyperaceae,Carex,buxbaumii,,Buxbaum's Sedge,E,,1987-04-13,,
Carex capillaris ssp. capillaris,Plantae,Vascular Plants,Cyperaceae,Carex,capillaris,capillaris,Capillary Sedge,T,,1987-04-13,Carex capillaris L.,
Carex chordorrhiza,Plantae,Vascular Plants,Cyperaceae,Carex,chordorrhiza,,Creeping Sedge,E,,1991-11-09,,
Carex foenea,Plantae,Vascular Plants,Cyperaceae,Carex,foenea,,Bronze Sedge,E,,1991-11-09,,
Carex garberi,Plantae,Vascular Plants,Cyperaceae,Carex,garberi,,Garber's Sedge,T,,1987-04-13,,
Carex houghtoniana,Plantae,Vascular Plants,Cyperaceae,Carex,houghtoniana,,Houghton's Sedge,E,,2022-02-10,,
Carex livida,Plantae,Vascular Plants,Cyperaceae,Carex,livida,,Pale Sedge,T,,1987-04-13,,
Carex muehlenbergii var. enervis,Plantae,Vascular Plants,Cyperaceae,Carex,muehlenbergii,enervis,Nerveless Muehlenberg Sedge,T,,1987-04-13,"Carex muehlenbergii
 Schkuhr ex Willd.",
Carex muehlenbergii var. muehlenbergii,Plantae,Vascular Plants,Cyperaceae,Carex,muehlenbergii,muehlenbergii,Muehlenberg's Sedge,T,,1987-04-13,Carex muehlenbergii Schkuhr ex Willd.,
Carex oligocarpa,Plantae,Vascular Plants,Cyperaceae,Carex,oligocarpa,,Few-fruited Sedge,E,,1991-11-09,,
Carex richardsonii,Plantae,Vascular Plants,Cyperaceae,Carex,richardsonii,,Richardson's Sedge,E,,1987-04-13,,
Carex siccata,Plantae,Vascular Plants,Cyperaceae,Carex,siccata,,Hay Sedge,E,,1991-11-09,,
Carex vaginata,Plantae,Vascular Plants,Cyperaceae,Carex,vaginata,,Sheathed Sedge,E,,1991-11-09,,
Castilleja septentrionalis,Plantae,Vascular Plants,Orobanchaceae,Castilleja,septentrionalis,,Pale Painted-cup,T,,1987-04-13,,
Ceanothus herbaceus,Plantae,Vascular Plants,Rhamnaceae,Ceanothus,herbaceus,,Prairie Redroot,E,,1987-04-13,,
Corallorhiza odontorhiza var. odontorhiza,Plantae,Vascular Plants,Orchidaceae,Corallorhiza,odontorhiza,odontorhiza,Autumn Coral-root,T,,1987-04-13,Corallorhiza odontorhiza (Willd.) Nutt.,
Cornus florida,Plantae,Vascular Plants,Cornaceae,Cornus,florida,,Flowering Dogwood,T,,1987-04-13,,
Corydalis aurea,Plantae,Vascular Plants,Papaveraceae,Corydalis,aurea,,Golden Corydalis,T,,1987-04-13,,
Crocanthemum bicknellii,Plantae,Vascular Plants,Cistaceae,Crocanthemum,bicknellii,,Plains Frostweed,T,,1987-04-13,Helianthemum bicknellii Fern.,
Crotalaria sagittalis,Plantae,Vascular Plants,Fabaceae,Crotalaria,sagittalis,,Rattlebox,T,,1987-04-13,,
Cynoglossum virginianum var. boreale,Plantae,Vascular Plants,Boraginaceae,Cynoglossum,virginianum,boreale,Northern Wild Comfrey,T,,1987-04-13,,
Cyperus diandrus,Plantae,Vascular Plants,Cyperaceae,Cyperus,diandrus,,Low Flatsedge,E,,1989-06-23,,
Cyperus houghtonii,Plantae,Vascular Plants,Cyperaceae,Cyperus,houghtonii,,Houghton's Flatsedge,T,,1987-04-13,,
Cypripedium arietinum,Plantae,Vascular Plants,Orchidaceae,Cypripedium,arietinum,,Ram's Head Lady's-slipper,T,,1987-04-13,,
Desmodium cuspidatum,Plantae,Vascular Plants,Fabaceae,Desmodium,cuspidatum,,Large-bracted Tick-trefoil,E,,1991-11-09,,
Desmodium rotundifolium,Plantae,Vascular Plants,Fabaceae,Desmodium,rotundifolium,,Prostrate Tick-trefoil,T,,1987-04-13,,
Diapensia lapponica ssp. lapponica,Plantae,Vascular Plants,Diapensiaceae,Diapensia,lapponica,lapponica,Diapensia,E,,1987-04-13,Diapensia lapponica L.,
Draba cana,Plantae,Vascular Plants,Brassicaceae,Draba,cana,,Hoary Draba,T,,1987-04-13,Draba breweri var. cana (Rydb.) Rollins,
Draba glabella,Plantae,Vascular Plants,Brassicaceae,Draba,glabella,,Smooth Draba,T,,1987-04-13,,
Dracocephalum parviflorum,Plantae,Vascular Plants,Lamiaceae,Dracocephalum,parviflorum,,American Dragonhead,T,,1987-04-13,,
Dryopteris filix-mas ssp. brittonii,Plantae,Vascular Plants,Dryopteridaceae,Dryopteris,filix-mas,brittonii,Male Fern,T,,1987-04-13,Dryopteris filix-mas (L.) Schott,
Eleocharis quinqueflora,Plantae,Vascular Plants,Cyperaceae,Eleocharis,quinqueflora,,Few-flowered Spikerush,T,,1987-04-13,Eleocharis pauciflora (Lightf.) Link,
Equisetum palustre,Plantae,Vascular Plants,Equisetaceae,Equisetum,palustre,,Marsh Horsetail,T,,1987-04-13,,
Eupatorium sessilifolium,Plantae,Vascular Plants,Asteraceae,Eupatorium,sessilifolium,,Sessile-leaved Boneset,E,,1991-11-09,,
Fimbristylis autumnalis,Plantae,Vascular Plants,Cyperaceae,Fimbristylis,autumnalis,,Autumn Fimbristylis,E,,1991-11-09,,
Galium labradoricum,Plantae,Vascular Plants,Rubiaceae,Galium,labradoricum,,Bog Bedstraw,T,,1987-04-13,,
Gentiana andrewsii,Plantae,Vascular Plants,Gentianaceae,Gentiana,andrewsii,,Fringe-top Closed Gentian,T,,1987-04-13,,
Gentianella amarella ssp. acuta,Plantae,Vascular Plants,Gentianaceae,Gentianella,amarella,acuta,Felwort,T,,1987-04-13,Gentianella amarella (L.) Boerner,
Gentianella quinquefolia,Plantae,Vascular Plants,Gentianaceae,Gentianella,quinquefolia,,Stiff Gentian,T,,1987-04-13,,
Glyceria acutiflora,Plantae,Vascular Plants,Poaceae,Glyceria,acutiflora,,Sharp Manna-grass,E,,1991-11-09,,
Hackelia deflexa ssp. americana,Plantae,Vascular Plants,Boraginaceae,Hackelia,deflexa,americana,Nodding Stickseed,T,,1987-04-13,Hackelia deflexa var. americana (Gray) Fern. & I.M. Johnston,
Helianthus strumosus,Plantae,Vascular Plants,Asteraceae,Helianthus,strumosus,,Harsh Sunflower,T,,1987-04-13,,
Hippuris vulgaris,Plantae,Vascular Plants,Plantaginaceae,Hippuris,vulgaris,,Mare's-tail,E,,1991-11-09,,
Hudsonia tomentosa,Plantae,Vascular Plants,Cistaceae,Hudsonia,tomentosa,,Beach Heather,E,,1987-04-13,,
Hydrastis canadensis,Plantae,Vascular Plants,Ranunculaceae,Hydrastis,canadensis,,Golden-seal,E,,1987-04-13,,
Hydrophyllum canadense,Plantae,Vascular Plants,Hydrophyllaceae,Hydrophyllum,canadense,,Broad-leaved Waterleaf,T,,1987-04-13,,
Hypericum ascyron,Plantae,Vascular Plants,Clusiaceae,Hypericum,ascyron,,Great St. John's-wort,T,,1987-04-13,,
Isoetes engelmannii,Plantae,Vascular Plants,Isoetaceae,Isoetes,engelmannii,,Engelmann's Quillwort,T,,1987-04-13,,
Isoetes viridimontana,Plantae,Vascular Plants,Isoetaceae,Isoetes,viridimontana,,Green Mountain Quillwort,E,,2015-03-28,,
Isotria medeoloides,Plantae,Vascular Plants,Orchidaceae,Isotria,medeoloides,,Small Whorled Pogonia,E,T,1991-11-09,,
Isotria verticillata,Plantae,Vascular Plants,Orchidaceae,Isotria,verticillata,,Large Whorled Pogonia,T,,1987-04-13,,
Juncus greenei,Plantae,Vascular Plants,Juncaceae,Juncus,greenei,,Greene's Rush,E,,1991-11-09,,
Juncus militaris,Plantae,Vascular Plants,Juncaceae,Juncus,militaris,,Soldier Rush,E,,1991-11-09,,
Juncus secundus,Plantae,Vascular Plants,Juncaceae,Juncus,secundus,,Secund Rush,E,,1991-11-09,,
Juniperus horizontalis,Plantae,Vascular Plants,Cupressaceae,Juniperus,horizontalis,,Creeping Juniper,T,,1987-04-13,,
Lactuca hirsuta,Plantae,Vascular Plants,Asteraceae,Lactuca,hirsuta,,Hairy Lettuce,T,,1994-12-07,,
Lathyrus japonicus var. maritimus,Plantae,Vascular Plants,Fabaceae,Lathyrus,japonicus,maritimus,Beach Pea,T,,1987-04-13,"Lathyrus maritimus (L.)
 Bigelow",
Lathyrus palustris,Plantae,Vascular Plants,Fabaceae,Lathyrus,palustris,,Marsh Vetchling,T,,1987-04-13,,
Lechea mucronata,Plantae,Vascular Plants,Cistaceae,Lechea,mucronata,,Hairy Pinweed,E,,1991-11-09,,
Lespedeza frutescens,Plantae,Vascular Plants,Fabaceae,Lespedeza,frutescens,,Violet Bush-clover,T,,1987-04-13,Lespedeza violacea auct. non (L.) Pers,"Lespedeza violacea (L.) Pers. is now what was formerly known
 as L. intermedia (S. Watts) Britton and is not listed."
Lespedeza hirta ssp. hirta,Plantae,Vascular Plants,Fabaceae,Lespedeza,hirta,hirta,Hairy Bush-clover,T,,1991-11-09,Lespedeza hirta (L.) Hornem.,
Liparis liliifolia,Plantae,Vascular Plants,Orchidaceae,Liparis,liliifolia,,Lily-leaved Twayblade,T,,1987-04-13,,
Liriodendron tulipifera,Plantae,Vascular Plants,Magnoliaceae,Liriodendron,tulipifera,,Tulip Tree,E,,2015-03-28,,
Ludwigia polycarpa,Plantae,Vascular Plants,Onagraceae,Ludwigia,polycarpa,,Many-fruited False-loosestrife,E,,1987-04-13,,
Lupinus perennis ssp. perennis,Plantae,Vascular Plants,Fabaceae,Lupinus,perennis,perennis,Wild Lupine,E,,1999-03-18,Lupinus perennis L.,"Listed as Threatened on 04-13-
 1987."
Lygodium palmatum,Plantae,Vascular Plants,Lygodiaceae,Lygodium,palmatum,,Climbing Fern,E,,1987-04-13,,
Malaxis monophyllos var. brachypoda,Plantae,Vascular Plants,Orchidaceae,Malaxis,monophyllos,brachypoda,White Adder's-mouth,T,,1987-04-13,"Malaxis brachypoda
 (A.Gray) Fern.",
Minuartia marcescens,Plantae,Vascular Plants,Caryophyllaceae,Minuartia,marcescens,,Marcescent Sandwort,T,,1987-04-13,,
Minuartia rubella,Plantae,Vascular Plants,Caryophyllaceae,Minuartia,rubella,,Marble Sandwort,T,,1987-04-13,,
Morus rubra,Plantae,Vascular Plants,Moraceae,Morus,rubra,,Red Mulberry,T,,1987-04-13,,
Nabalus boottii,Plantae,Vascular Plants,Asteraceae,Nabalus,boottii,,Boott's Rattlesnake-root,E,,1987-04-13,Prenanthes boottii (DC.) A. Gray,
Neottia auriculata,Plantae,Vascular Plants,Orchidaceae,Neottia,auriculata,,Auricled Twayblade,E,,1987-04-13,Listera auriculata Wieg.,
Neottia bifolia,Plantae,Vascular Plants,Orchidaceae,Neottia,bifolia,,Southern Twayblade,E,,1987-04-13,Listera australis Lindl.,
Nymphaea leibergii,Plantae,Vascular Plants,Nymphaeaceae,Nymphaea,leibergii,,Dwarf Water-lily,E,,2005-04-23,,
Omalotheca sylvatica,Plantae,Vascular Plants,Asteraceae,Omalotheca,sylvatica,,Woodland Cudweed,E,,1991-11-09,,
Panicum flexile,Plantae,Vascular Plants,Poaceae,Panicum,flexile,,Stiff Witch-grass,E,,1991-11-09,,
Petasites frigidus var. palmatus,Plantae,Vascular Plants,Asteraceae,Petasites,frigidus,palmatus,Sweet Coltsfoot,T,,1987-04-13,,
Physostegia virginiana ssp. virginiana,Plantae,Vascular Plants,Lamiaceae,Physostegia,virginiana,virginiana,Obedient Plant,T,,1987-04-13,Physostegia virginiana (L.) Benth.,
Pinus banksiana,Plantae,Vascular Plants,Pinaceae,Pinus,banksiana,,Jack Pine,T,,1987-04-13,,
Piptatheropsis pungens,Plantae,Vascular Plants,Poaceae,Piptatheropsis,pungens,,Slender Mountain-rice,T,,1991-11-09,"Oryzopsis pungens (Torr.) Hitchc.;
 Piptatherum pungens (Torr ex Spreng.) Dorn",
Platanthera flava var. herbiola,Plantae,Vascular Plants,Orchidaceae,Platanthera,flava,herbiola,Tubercled Orchid,T,,1987-04-13,Platanthera flava (L.) Lindl.,
Platanthera hookeri,Plantae,Vascular Plants,Orchidaceae,Platanthera,hookeri,,Hooker's Orchid,T,,1987-04-13,,
Polemonium vanbruntiae,Plantae,Vascular Plants,Polemoniaceae,Polemonium,vanbruntiae,,Eastern Jacob's Ladder,T,,1987-04-13,,
Polygonum douglasii,Plantae,Vascular Plants,Polygonaceae,Polygonum,douglasii,,Douglas' Knotweed,E,,1991-11-09,,
Polymnia canadensis,Plantae,Vascular Plants,Asteraceae,Polymnia,canadensis,,White-flowered Leafcup,E,,1994-12-07,,"Listed as Threatened on 04-13-
 1987."
Potentilla litoralis,Plantae,Vascular Plants,Rosaceae,Potentilla,litoralis,,Northern Cinquefoil,E,,1991-11-09,"Potentilla pensylvanica
 var. bipinnatifida (Douglas) T. & G.",
Primula mistassinica,Plantae,Vascular Plants,Primulaceae,Primula,mistassinica,,Bird's-eye Primrose,T,,1987-04-13,,
Prunus americana,Plantae,Vascular Plants,Rosaceae,Prunus,americana,,Wild Plum,T,,1987-04-13,,
Prunus susquehanae,Plantae,Vascular Plants,Rosaceae,Prunus,susquehanae,,Susquehanna Sand Cherry,E,,2012-11-16,,
Pterospora andromedea,Plantae,Vascular Plants,Ericaceae,Pterospora,andromedea,,Pinedrops,E,,1991-11-09,,
Pycnanthemum incanum var. incanum,Plantae,Vascular Plants,Lamiaceae,Pycnanthemum,incanum,incanum,Hoary Mountain-mint,E,,1991-11-09,Pycnanthemum incanum (L.) Michx.,
Pyrola asarifolia ssp. asarifolia,Plantae,Vascular Plants,Ericaceae,Pyrola,asarifolia,asarifolia,Bog Wintergreen,T,,1991-11-09,Pyrola asarifolia Michx.,
Pyrola minor,Plantae,Vascular Plants,Ericaceae,Pyrola,minor,,Lesser Pyrola,E,,1987-04-13,,
Quercus ilicifolia,Plantae,Vascular Plants,Fagaceae,Quercus,ilicifolia,,Scrub Oak,E,,1991-11-09,,
Quercus prinoides,Plantae,Vascular Plants,Fagaceae,Quercus,prinoides,,Dwarf Chinquapin Oak,E,,2005-04-23,,
Ranunculus allegheniensis,Plantae,Vascular Plants,Ranunculaceae,Ranunculus,allegheniensis,,Allegheny Crowfoot,T,,1991-11-09,,
Rhexia virginica,Plantae,Vascular Plants,Melastomataceae,Rhexia,virginica,,Virginia Meadow-beauty,T,,1987-04-13,,
Rhodiola rosea,Plantae,Vascular Plants,Crassulaceae,Rhodiola,rosea,,Roseroot,T,,1987-04-13,Sedum rosea L. Scop.,
Rhododendron maximum,Plantae,Vascular Plants,Ericaceae,Rhododendron,maximum,,Great Laurel,T,,1987-04-13,,
Rhynchospora capillacea,Plantae,Vascular Plants,Cyperaceae,Rhynchospora,capillacea,,Capillary Beak-rush,T,,1987-04-13,,
Rorippa aquatica,Plantae,Vascular Plants,Brassicaceae,Rorippa,aquatica,,Lake-cress,T,,1987-04-13,Neobeckia aquatica (Eaton) Greene,
Rosa acicularis ssp. sayi,Plantae,Vascular Plants,Rosaceae,Rosa,acicularis,sayi,Needle-spine Rose,E,,1991-11-09,Rosa acicularis Lindl.,
Salix planifolia ssp. planifolia,Plantae,Vascular Plants,Salicaceae,Salix,planifolia,planifolia,Tea-leaved Willow,T,,1987-04-13,Salix planifolia Pursh,
Salix uva-ursi,Plantae,Vascular Plants,Salicaceae,Salix,uva-ursi,,Bearberry Willow,E,,1987-04-13,,
Sanicula canadensis var. grandis,Plantae,Vascular Plants,Apiaceae,Sanicula,canadensis,grandis,Long-styled Snakeroot,T,,1987-04-13,,
Scheuchzeria palustris,Plantae,Vascular Plants,Scheuchzeriaceae,Scheuchzeria,palustris,,Pod-grass,T,,1987-04-13,,
Scirpus ancistrochaetus,Plantae,Vascular Plants,Cyperaceae,Scirpus,ancistrochaetus,,Barbed-bristle Bulrush,E,E,1991-11-09,,Listed as Threatened on 04-13- 1987.
Senna hebecarpa,Plantae,Vascular Plants,Fabaceae,Senna,hebecarpa,,Wild Senna,T,,1987-04-13,,
Solidago odora ssp. odora,Plantae,Vascular Plants,Asteraceae,Solidago,odora,odora,Sweet Goldenrod,T,,1987-04-13,Solidago odora Ait.,
Solidago ulmifolia,Plantae,Vascular Plants,Asteraceae,Solidago,ulmifolia,,Elm-leaved Goldenrod,E,,1991-11-09,,"Listed as Threatened on 04-13-
 1987."
Sparganium natans,Plantae,Vascular Plants,Sparganiaceae,Sparganium,natans,,Lesser Bur-reed,T,,1991-11-09,,
Sphenopholis nitida,Plantae,Vascular Plants,Poaceae,Sphenopholis,nitida,,Shiny Wedgegrass,E,,1991-11-09,,
Sphenopholis obtusata,Plantae,Vascular Plants,Poaceae,Sphenopholis,obtusata,,Blunt Sphenopholis,E,,1991-11-09,,
Sporobolus compositus var. compositus,Plantae,Vascular Plants,Poaceae,Sporobolus,compositus,compositus,Rough Dropseed,E,,1987-04-13,"Sporobolus compositus (Poir.) Merr.; Sporobolus asper
 (Michx.) Kunth",
Taenidia integerrima,Plantae,Vascular Plants,Apiaceae,Taenidia,integerrima,,Yellow Pimpernel,T,,1987-04-13,,
Thalictrum thalictroides,Plantae,Vascular Plants,Ranunculaceae,Thalictrum,thalictroides,,Rue-anemone,E,,2022-02-10,,
Triantha glutinosa,Plantae,Vascular Plants,Tofieldiaceae,Triantha,glutinosa,,Sticky False-asphodel,T,,1987-04-13,Tofieldia glutinosa (Michx.) Baker,
Trichophorum planifolium,Plantae,Vascular Plants,Cyperaceae,Trichophorum,planifolium,,Bashful Bulrush,E,,1991-11-09,"Scirpus verecundus
 Fern.","Listed as Threatened on 04-13-
 1987."
Triglochin maritima,Plantae,Vascular Plants,Juncaginaceae,Triglochin,maritima,,Common Arrow-grass,E,,2011-02-16,,
Triphora trianthophoros ssp. trianthophoros,Plantae,Vascular Plants,Orchidaceae,Triphora,trianthophoros,trianthophoros,Three-bird Orchid,T,,1987-04-13,Triphora trianthophora (Sw.) Rydb.,
Ulmus thomasii,Plantae,Vascular Plants,Ulmaceae,Ulmus,thomasii,,Cork Elm (Rock Elm),T,,2011-02-16,,
Utricularia resupinata,Plantae,Vascular Plants,Lentibulariaceae,Utricularia,resupinata,,Northeastern Bladderwort,T,,1987-04-13,,
Vaccinium stamineum,Plantae,Vascular Plants,Ericaceae,Vaccinium,stamineum,,Deerberry,E,,1994-12-07,,
Valeriana uliginosa,Plantae,Vascular Plants,Valerianaceae,Valeriana,uliginosa,,Marsh Valerian,E,,1987-04-13,,
Veronicastrum virginicum,Plantae,Vascular Plants,Plantaginaceae,Veronicastrum,virginicum,,Culver's-root,E,,1987-04-13,,
Viburnum edule,Plantae,Vascular Plants,Caprifoliaceae,Viburnum,edule,,Squashberry,T,,1987-04-13,,
Viola lanceolata ssp. lanceolata,Plantae,Vascular Plants,Violaceae,Viola,lanceolata,lanceolata,Lance-leaved Violet,T,,1987-04-13,Viola lanceolata L.,
Vulpia octoflora var. tenella,Plantae,Vascular Plants,Poaceae,Vulpia,octoflora,tenella,Eight-flowered Fescue,E,,1991-11-09,Vulpia octoflora (Walt.) Rydb.,
Woodsia alpina,Plantae,Vascular Plants,Dryopteridaceae,Woodsia,alpina,,Alpine Woodsia,E,,1987-04-13,,
Woodwardia virginica,Plantae,Vascular Plants,Blechnaceae,Woodwardia,virginica,,Virginia Chain-fern,T,,1987-04-13,,
Xyris montana,Plantae,Vascular Plants,Xyridaceae,Xyris,montana,,Northern Yellow-eyed-grass,T,,1987-04-13,,
Plagiobryum zieri,Plantae,Bryophytes,Bryaceae,Plagiobryum,zieri,,A Moss,E,,1989-06-23,,
Sphagnum subfulvum,Plantae,Bryophytes,Sphagnaceae,Sphagnum,subfulvum,,A Peatmoss,E,,1989-06-23,Sphagnum nitidum Warnstorf,
Ichthyomyzon fossor,Animalia,Fishes,Petromyzontidae,Ichthyomyzon,fossor,,Northern Brook Lamprey,E,,1991-11-09,,Listed as Threatened on 04-13- 1987.
Lethenteron appendix,Animalia,Fishes,Petromyzontidae,Lethenteron,appendix,,American Brook Lamprey,T,,1987-04-13,Lampetra appendix,
Acipenser brevirostrum,Animalia,Fishes,Acipenseridae,Acipenser,brevirostrum,,Shortnose Sturgeon,E*,E,,,Added via Sept 2025 amendment; not in 2022 rule
Acipenser fulvescens,Animalia,Fishes,Acipenseridae,Acipenser,fulvescens,,Lake Sturgeon,E,,1987-04-13,,
Noturus flavus,Animalia,Fishes,Ictaluridae,Noturus,flavus,,Stonecat,E,,1994-12-07,,
Ammocrypta pellucida,Animalia,Fishes,Percidae,Ammocrypta,pellucida,,Eastern Sand Darter,T,,1987-04-13,,
Percina copelandi,Animalia,Fishes,Percidae,Percina,copelandi,,Channel Darter,E,,1999-03-18,,
Anaxyrus fowleri,Animalia,Amphibians,Bufonidae,Anaxyrus,fowleri,,Fowler's Toad,E,,2015-03-28,,
Pseudacris maculata,Animalia,Amphibians,Hylidae,Pseudacris,maculata,,Boreal Chorus Frog,E,,2012-11-15,,
Clemmys guttata,Animalia,Reptiles,Emydidae,Clemmys,guttata,,Spotted Turtle,E,,1999-03-18,,Listed as Threatened on 06-23- 1989.
Apalone spinifera,Animalia,Reptiles,Trionychidae,Apalone,spinifera,,Spiny Softshell (Turtle),T,,1987-04-13,,
Plestiodon fasciatus,Animalia,Reptiles,Scincidae,Plestiodon,fasciatus,,Common Five-lined Skink,E,,1987-04-13,Eumeces fasciatus,
Coluber constrictor,Animalia,Reptiles,Colubridae,Coluber,constrictor,,North American Racer,T,,2005-04-23,,
Pantherophis alleghaniensis,Animalia,Reptiles,Colubridae,Pantherophis,alleghaniensis,,Central Ratsnake,T,,2005-04-23,Elaphe obsoleta,
Crotalus horridus,Animalia,Reptiles,Viperidae,Crotalus,horridus,,Timber Rattlesnake,E,,1987-04-13,,
Myotis leibii,Animalia,Mammals,Vespertilionidae,Myotis,leibii,,Eastern Small-footed Bat,T,,1987-04-13,,
Myotis lucifugus,Animalia,Mammals,Vespertilionidae,Myotis,lucifugus,,Little Brown Bat,E,UR,2011-07-15,,
Myotis septentrionalis,Animalia,Mammals,Vespertilionidae,Myotis,septentrionalis,,Northern Long-eared Bat,E,E,2011-07-15,,
Myotis sodalis,Animalia,Mammals,Vespertilionidae,Myotis,sodalis,,Indiana Bat,E,E,1987-04-13,,
Perimyotis subflavus,Animalia,Mammals,Vespertilionidae,Perimyotis,subflavus,,Tri-colored Bat,E,PE,2012-11-15,,
Canis lupus,Animalia,Mammals,Canidae,Canis,lupus,,Wolf,E*,E,,,State-endangered by default per federal listing (E*); not in 2022 rule
Lynx canadensis,Animalia,Mammals,Felidae,Lynx,canadensis,,Canadian Lynx,E,T,1987-04-13,,
Puma concolor couguar,Animalia,Mammals,Felidae,Puma,concolor,,Eastern Mountain Lion,E,,1987-04-13,Felis concolor couguar,
Gulo gulo,Animalia,Mammals,Mustelidae,Gulo,gulo,,Wolverine,T*,T,,,State-threatened by default per federal listing (T*); not in 2022 rule
Martes americana,Animalia,Mammals,Mustelidae,Martes,americana,,American Marten,E,,1987-04-13,,
Canachites canadensis,Animalia,Birds,Phasianidae,Canachites,canadensis,,Spruce Grouse,E,,1988-07-30,Falcipennis canadensis,
Antrostomus vociferus,Animalia,Birds,Caprimulgidae,Antrostomus,vociferus,,Eastern Whip-poor-will,T,,2012-11-15,Caprimulgus vociferus,
Chordeiles minor,Animalia,Birds,Caprimulgidae,Chordeiles,minor,,Common Nighthawk,E,,2012-11-15,,
Bartramia longicauda,Animalia,Birds,Scolopacidae,Bartramia,longicauda,,Upland Sandpiper,E,,2005-04-23,,Listed as Threatened on 04-13- 1987.
Calidris canutus,Animalia,Birds,Scolopacidae,Calidris,canutus,,Red Knot,T*,T,,,State-threatened by default per federal listing (T*); not in 2022 rule
Chlidonias niger,Animalia,Birds,Laridae,Chlidonias,niger,,Black Tern,E,,2005-04-23,,Listed as Threatened on 12-07- 1994.
Sterna hirundo,Animalia,Birds,Laridae,Sterna,hirundo,,Common Tern,E,,1988-07-30,,Listed as Threatened on 04-13- 1987.
Lanius ludovicianus,Animalia,Birds,Laniidae,Lanius,ludovicianus,,Loggerhead Shrike,E,,1987-04-13,,
Cistothorus stellaris,Animalia,Birds,Troglodytidae,Cistothorus,stellaris,,Sedge Wren,E,,1999-03-18,Cistothorus platensis,Listed as Threatened on 04-13- 1987.
Euphagus carolinus,Animalia,Birds,Icteridae,Euphagus,carolinus,,Rusty Blackbird,E,,2015-03-28,,
Sturnella magna,Animalia,Birds,Icteridae,Sturnella,magna,,Eastern Meadowlark,T,,2022-02-10,,
Ammodramus savannarum,Animalia,Birds,Passerellidae,Ammodramus,savannarum,,Grasshopper Sparrow,T,,1999-03-18,,
Centronyx henslowii,Animalia,Birds,Passerellidae,Centronyx,henslowii,,Henslow's Sparrow,E,,1987-04-13,Ammodramus henslowii,
Stygobromus borealis,Animalia,Amphipods,Crangonyctidae,Stygobromus,borealis,,Taconic Cave Amphipod,E,,1994-12-07,,
Cicindela hirticollis,Animalia,Beetles,Carabidae,Cicindela,hirticollis,,Hairy-necked Tiger Beetle,T,,1994-12-07,,
Cicindela marginipennis,Animalia,Beetles,Carabidae,Cicindela,marginipennis,,Cobblestone Tiger Beetle,T,,1987-04-13,,
Ellipsoptera puritana,Animalia,Beetles,Carabidae,Ellipsoptera,puritana,,Puritan Tiger Beetle,T,T,1994-12-07,Cicindela puritana,
Bombus affinis,Animalia,Bees,Apidae,Bombus,affinis,,Rusty-patched Bumble Bee,E,E,2016-03-28,,
Bombus ashtoni,Animalia,Bees,Apidae,Bombus,ashtoni,,Ashton Cuckoo Bumble Bee,E,,2015-03-28,,
Bombus pensylvanicus,Animalia,Bees,Apidae,Bombus,pensylvanicus,,American Bumble Bee,E,UR,2022-02-10,,
Bombus terricola,Animalia,Bees,Apidae,Bombus,terricola,,Yellow-banded Bumble Bee,T,,2016-03-28,,
Margaritifera margaritifera,Animalia,Freshwater Mussels,Margaritiferidae,Margaritifera,margaritifera,,Eastern Pearlshell,T,,1994-12-07,,
Alasmidonta heterodon,Animalia,Freshwater Mussels,Unionidae,Alasmidonta,heterodon,,Dwarf Wedgemussel,E,E,1991-11-09,,Listed as Threatened on 04-13- 1987.
Alasmidonta varicosa,Animalia,Freshwater Mussels,Unionidae,Alasmidonta,varicosa,,Brook Floater,E,,2022-02-10,,Listed as Threatened on 12-07- 1994.
Anodontoides ferussacianus,Animalia,Freshwater Mussels,Unionidae,Anodontoides,ferussacianus,,Cylindrical Papershell,E,,1999-03-18,,
Lampsilis ovata,Animalia,Freshwater Mussels,Unionidae,Lampsilis,ovata,,Pocketbook,E,,1999-03-18,,
Lasmigona costata,Animalia,Freshwater Mussels,Unionidae,Lasmigona,costata,,Flutedshell,E,,1999-03-18,,
Leptodea fragilis,Animalia,Freshwater Mussels,Unionidae,Leptodea,fragilis,,Fragile Papershell,E,,1999-03-18,,
Ligumia recta,Animalia,Freshwater Mussels,Unionidae,Ligumia,recta,,Black Sandshell,E,,1999-03-18,,Listed as Threatened on 12-07- 1994.
Potamilus alatus,Animalia,Freshwater Mussels,Unionidae,Potamilus,alatus,,Pink Heelsplitter,E,,1999-03-18,,
Pyganodon grandis,Animalia,Freshwater Mussels,Unionidae,Pyganodon,grandis,,Giant Floater,T,,1999-03-18,,